product_site_path,sub_category
/stojak-serwisowy-bike-hand-yc-117n-pd10929/,stojaki serwisowe na rower
/uchwyt-park-tool-pth-1-pd6955/,stojaki serwisowe na rower
/stojak-serwisowy-bike-hand-yc-103-pd18803/,stojaki serwisowe na rower
/adapter-osi-do-stojaka-serwisowego-feedback-sprint-pd36682/?v_Id=203793,stojaki serwisowe na rower
/adapter-osi-do-stojaka-serwisowego-feedback-sprint-pd36682/?v_Id=203794,stojaki serwisowe na rower
/stojak-na-rower-woom-dock-pd32237/,stojaki serwisowe na rower
/adapter-osi-do-stojaka-serwisowego-feedback-sprint-pd36682/,stojaki serwisowe na rower
/stojak-topeak-flash-stand-fat-pd4112/,stojaki serwisowe na rower
/adaptery-feedback-sprint-pd36684/,stojaki serwisowe na rower
/podstawka-park-tool-106-pd761/,stojaki serwisowe na rower
/stojak-serwisowy-eyen-service-stand-2-0-pd37234/,stojaki serwisowe na rower
/stojak-na-rower-gist-stabilus-pd26072/,stojaki serwisowe na rower
/stojak-serwisowy-pro-pd33777/,stojaki serwisowe na rower
/uchwyt-montazowy-park-tool-pcs-12-2-pd34285/,stojaki serwisowe na rower
/stojak-na-rower-topeak-dual-touch-pd19004/,stojaki serwisowe na rower
/stojak-serwisowy-bike-hand-yc-100st-pd33507/,stojaki serwisowe na rower
/stojak-serwisowy-feedback-sport-mechanic-pd14507/,stojaki serwisowe na rower
/stojak-na-rower-topeak-twoup-tuneup-pd34724/,stojaki serwisowe na rower
/stojak-serwisowy-feedback-recreational-pd14465/,stojaki serwisowe na rower
/stojak-serwisowy-park-tool-pcs-9-3-pd31573/,stojaki serwisowe na rower
/stojak-serwisowy-topeak-prepstand-elite-pd16281/,stojaki serwisowe na rower
/stojak-serwisowy-feedback-sprint-pd36615/,stojaki serwisowe na rower
/stojak-serwisowy-feedback-ultralight-pd14565/,stojaki serwisowe na rower
/stojak-serwisowy-park-tool-pcs-4-1-pd6616/,stojaki serwisowe na rower
/stojak-serwisowy-feedback-pro-mechanic-pd36614/,stojaki serwisowe na rower
/stojak-serwisowy-park-tool-pcs-4-2-pd6617/,stojaki serwisowe na rower
/stojak-serwisowy-park-tool-prs-25-pd6952/,stojaki serwisowe na rower
/stojak-serwisowy-park-tool-prs-26-pd34298/,stojaki serwisowe na rower
/multitool-park-tool-aws-10-pd1528/,narzędzia-rowerowe
/klucz-do-piast-park-tool-scw-15-pd7714/,narzędzia-rowerowe
/klucz-do-piast-park-tool-scw-16-pd7715/,narzędzia-rowerowe
/klucz-do-piast-park-tool-scw-21-pd7720/,narzędzia-rowerowe
/multitool-kellys-chainey-pd2547/,narzędzia-rowerowe
/trojstronny-klucz-imbusowy-unior-1781-2hxs-pd34980/,narzędzia-rowerowe
/klucz-do-kaset-park-tool-bbt-5-pd1651/,narzędzia-rowerowe
/klucz-do-piast-park-tool-scw-14-pd7713/,narzędzia-rowerowe
/klucz-do-piast-park-tool-scw-19-pd7718/,narzędzia-rowerowe
/multitool-crankbrothers-multi-5-pd10612/,narzędzia-rowerowe
/klucz-do-kaset-bike-hand-yc-126-2a-pd10932/,narzędzia-rowerowe
/multitool-lezyne-rap-ii-6-pd27718/,narzędzia-rowerowe
/klucz-do-piast-park-tool-scw-22-pd7721/,narzędzia-rowerowe
/klucz-do-kaset-park-tool-fr-5-2-pd4226/,narzędzia-rowerowe
/multitool-eyen-hexy-a16-pd27181/?v_Id=161980,narzędzia-rowerowe
/klucz-do-piast-park-tool-scw-13-pd7712/,narzędzia-rowerowe
/klucz-do-lozysk-suportu-bike-hand-hollowtech-2-yc-29bb-pd10570/,narzędzia-rowerowe
/klucz-do-suportu-shimano-tl-fc32-pd8990/,narzędzia-rowerowe
/multitool-lezyne-rap-ii-8-pd27719/,narzędzia-rowerowe
/multitool-topeak-x-tool-pd28395/,narzędzia-rowerowe
/klucz-park-tool-ht-8-pd4819/,narzędzia-rowerowe
/obcinaczki-do-linek-i-pancerzy-bike-hand-yc-767-pd10973/,narzędzia-rowerowe
/klucz-do-suportu-token-tf37-do-suportow-ninja-serii-tf37-oraz-bsa-pd22836/,narzędzia-rowerowe
/szczypce-do-skuwania-spinek-lancucha-kmc-pd32811/,narzędzia-rowerowe
/multitool-park-tool-aws-9-2-pd34191/,narzędzia-rowerowe
/multitool-crankbrothers-multi-5-pd10612/?v_Id=178264,narzędzia-rowerowe
/multitool-crankbrothers-multi-5-pd10612/?v_Id=126125,narzędzia-rowerowe
/klucz-park-tool-aws-7-pd1534/,narzędzia-rowerowe
/multitool-eyen-hexy-s-mini-pd27184/?v_Id=161986,narzędzia-rowerowe
/lyzki-do-opon-park-tool-tl-4-2-pd37469/,narzędzia-rowerowe
/klucz-do-wolnobiegu-bike-hand-yc-121a-pd10931/,narzędzia-rowerowe
/klucz-do-piast-bike-hand-yc-152-pd10933/,narzędzia-rowerowe
/skuwacz-do-lancucha-bike-hand-yc-329-pd10964/,narzędzia-rowerowe
/klucz-do-wolnobiegu-bike-hand-yc-120b-pd10930/,narzędzia-rowerowe
/multitool-eyen-hexy-s8-pd27183/?v_Id=161984,narzędzia-rowerowe
/multitool-unior-euro-6-pd24412/,narzędzia-rowerowe
/klucz-do-suportu-bike-hand-shimano-yc-26bb-1a-pd10733/,narzędzia-rowerowe
/szczypce-do-rozpinania-spinek-lancucha-bike-hand-yc-335st-pd18814/,narzędzia-rowerowe
/zestaw-kluczy-kellys-stinger-8-pd8531/,narzędzia-rowerowe
/multitool-eyen-hexy-a8-pd27179/?v_Id=161976,narzędzia-rowerowe
/klucz-do-piast-park-tool-dcw-pd3181/,narzędzia-rowerowe
/klucz-do-korb-eyen-solid-i-pd35177/,narzędzia-rowerowe
/klucz-do-suportu-bike-hand-shimano-yc-26bb-pd10732/,narzędzia-rowerowe
/multitool-kellys-stinger-10-pd8530/?v_Id=63433,narzędzia-rowerowe
/multitool-kellys-stinger-10-pd8530/,narzędzia-rowerowe
/szczypce-do-rozpinania-spinek-lancucha-bike-hand-yc-335-pd16688/,narzędzia-rowerowe
/klucz-unior-1781-2hx-pd12747/,narzędzia-rowerowe
/bacik-do-kaset-eyen-solid-b-pd35179/,narzędzia-rowerowe
/klucz-do-suportu-bike-hand-yc-27bb-pd10956/,narzędzia-rowerowe
/bacik-do-kaset-bike-hand-yc-501a-pd10967/,narzędzia-rowerowe
/skuwacz-do-lancucha-unior-1647hobby-4p-pd24398/,narzędzia-rowerowe
/klucz-unior-1781-2tx-pd24394/,narzędzia-rowerowe
/klucz-do-stozkow-unior-1617-2dp-pd24349/,narzędzia-rowerowe
/klucz-park-tool-hr-11-pd4791/,narzędzia-rowerowe
/szczypce-do-spinek-lancucha-bike-hand-yc-335co-pd10965/,narzędzia-rowerowe
/klucz-park-tool-ph-t25-pd6713/,narzędzia-rowerowe
/multitool-crankbrothers-multi-5-pd10612/?v_Id=105361,narzędzia-rowerowe
/klucz-park-tool-mt-1-pd6047/,narzędzia-rowerowe
/klucz-park-tool-aws-3-pd1532/,narzędzia-rowerowe
/klucz-park-tool-aws-8-pd1535/,narzędzia-rowerowe
/klucz-park-tool-aws-1-pd1527/,narzędzia-rowerowe
/klucz-do-suportu-topeak-pd2151/,narzędzia-rowerowe
/klucz-park-tool-ht-10-pd4817/,narzędzia-rowerowe
/multitool-park-tool-aws-11-pd1529/,narzędzia-rowerowe
/skuwacz-do-lancucha-topeak-super-chain-tool-pd8631/,narzędzia-rowerowe
/multitool-crankbrothers-multi-10-pd10609/?v_Id=105348,narzędzia-rowerowe
/multitool-topeak-mini-10-pd5909/,narzędzia-rowerowe
/multitool-crankbrothers-multi-10-pd10609/,narzędzia-rowerowe
/zestaw-kluczy-kellys-adroit-pd1014/,narzędzia-rowerowe
/trojstronny-klucz-imbusowy-feedback-3-way-allen-wrench-pd36690/,narzędzia-rowerowe
/multitool-kellys-handy-pd36555/,narzędzia-rowerowe
/skuwacz-do-lancucha-topeak-super-chain-tool-13s-pd33242/,narzędzia-rowerowe
/skuwacz-do-lancucha-kmc-mini-chain-tool-pd29650/,narzędzia-rowerowe
/klucz-park-tool-bbt-32-pd1649/,narzędzia-rowerowe
/multitool-unior-euro-7-pd24413/,narzędzia-rowerowe
/skuwacz-do-lancucha-bike-hand-yc-324-pd10962/,narzędzia-rowerowe
/multitool-crankbrothers-multi-10-pd10609/?v_Id=126124,narzędzia-rowerowe
/multitool-park-tool-mtc-20-pd34258/,narzędzia-rowerowe
/klucz-do-suportu-shimano-tl-un74s-pd9007/,narzędzia-rowerowe
/multitool-park-tool-mtc-10-pd34256/,narzędzia-rowerowe
/skuwacz-do-lancucha-park-tool-ct-5-pd3061/,narzędzia-rowerowe
/multitool-topeak-mini-9-pro-pd5914/,narzędzia-rowerowe
/klucz-park-tool-bbt-22-pd1647/,narzędzia-rowerowe
/skuwacz-do-lancucha-bike-hand-yc-396-pd18808/,narzędzia-rowerowe
/multitool-park-tool-tws-2-pd9352/,narzędzia-rowerowe
/multitool-park-tool-mtc-25-pd34259/,narzędzia-rowerowe
/multitool-knog-fang-pd29629/,narzędzia-rowerowe
/multitool-park-tool-mt-10-pd34249/,narzędzia-rowerowe
/klucz-do-suportu-lezyne-external-bottom-bracket-socket-pd32120/,narzędzia-rowerowe
/multitool-lezyne-v-pro-7-pd27712/,narzędzia-rowerowe
/multitool-topeak-torx-combo-pd34026/,narzędzia-rowerowe
/narzedzie-do-ustawiania-blokow-ergon-tp1-pd10835/?v_Id=94330,narzędzia-rowerowe
/multitool-crankbrothers-multi-17-pd10610/?v_Id=472,narzędzia-rowerowe
/multitool-crankbrothers-multi-17-pd10610/,narzędzia-rowerowe
/multitool-crankbrothers-multi-17-pd10610/?v_Id=126123,narzędzia-rowerowe
/multitool-lezyne-rap-ii-18-pd27721/,narzędzia-rowerowe
/multitool-topeak-hex-combo-pd34022/,narzędzia-rowerowe
/multitool-crankbrothers-multi-17-pd10610/?v_Id=129823,narzędzia-rowerowe
/multitool-topeak-hexus-x-pd18301/,narzędzia-rowerowe
/klucz-do-suportu-unior-1609-2bi-us-pd34972/,narzędzia-rowerowe
/multitool-lezyne-sv-pro-7-pd32005/,narzędzia-rowerowe
/przyrzad-do-wciskanych-lozysk-suportu-bike-hand-yc-25bb-30-pd32041/,narzędzia-rowerowe
/klucz-do-suportu-token-bb3724-pd22839/,narzędzia-rowerowe
/zestaw-kluczy-imbusowych-park-tool-hxs-1-2-pd25541/,narzędzia-rowerowe
/multitool-lezyne-v-pro-10-pd25740/,narzędzia-rowerowe
/multitool-crankbrothers-multi-19-pd10611/,narzędzia-rowerowe
/multitool-crankbrothers-multi-19-pd10611/?v_Id=495,narzędzia-rowerowe
/multitool-unior-euro-17-pd24415/,narzędzia-rowerowe
/multitool-topeak-tubi-11-pd25040/,narzędzia-rowerowe
/multitool-crankbrothers-f10-pd10469/,narzędzia-rowerowe
/multitool-lezyne-rap-ii-19-pd24340/,narzędzia-rowerowe
/multitool-lezyne-v-pro-13-pd26144/,narzędzia-rowerowe
/multitool-eyen-hexy-a8-pd27179/,narzędzia-rowerowe
/multitool-eyen-hexy-s13-pd27182/?v_Id=161982,narzędzia-rowerowe
/multitool-eyen-hexy-s13-pd27182/,narzędzia-rowerowe
/multitool-eyen-hexy-a14-pd27180/?v_Id=161978,narzędzia-rowerowe
/multitool-eyen-hexy-a14-pd27180/,narzędzia-rowerowe
/multitool-eyen-hexy-a16-pd27181/,narzędzia-rowerowe
/skuwacz-do-lancucha-topeak-universal-chain-tool-pd9449/,narzędzia-rowerowe
/multitool-crankbrothers-multi-13-pd22873/,narzędzia-rowerowe
/lyzki-do-opon-topeak-shuttle-lever-1-1-pd7891/,narzędzia-rowerowe
/lyzki-do-opon-schwalbe-pd2265/,narzędzia-rowerowe
/lyzki-do-opon-park-tool-tl-1-2-pd8975/,narzędzia-rowerowe
/lyzki-do-opon-unior-1657-pd12752/,narzędzia-rowerowe
/lyzki-do-opon-lezyne-power-lever-pd6804/,narzędzia-rowerowe
/lyzki-do-opon-topeak-shuttle-lever-1-2-pd7892/,narzędzia-rowerowe
/lyzki-do-opon-lezyne-power-lever-xl-tubeless-pd32011/,narzędzia-rowerowe
/lyzki-do-opon-topeak-power-lever-pd33246/,narzędzia-rowerowe
/lyzki-do-opon-kmc-missing-link-lever-pd29651/,narzędzia-rowerowe
/lyzki-do-opon-topeak-power-lever-x-pd33243/,narzędzia-rowerowe
/lyzki-do-opon-lezyne-saber-lever-pd7603/,narzędzia-rowerowe
/zestaw-naprawczy-do-detek-park-tool-tr-1-pd9153/,narzędzia-rowerowe
/pasek-lizard-skins-tube-strap-pd34810/,narzędzia-rowerowe
/organizer-na-narzedzia-restrap-tool-roll-pd33703/,narzędzia-rowerowe
/klucz-rowerowy-podreczny-lezyne-storage-drive-pd27753/,narzędzia-rowerowe
/klucz-do-kaset-i-suportow-lezyne-external-bottom-bracket-pd32088/,narzędzia-rowerowe
/klucz-rowerowy-podreczny-lezyne-ratchet-kit-pd27752/,narzędzia-rowerowe
/klucz-rowerowy-podreczny-lezyne-t-drive-pd27770/,narzędzia-rowerowe
/klucz-do-piast-bike-hand-yc-257b-pd10951/,narzędzia-rowerowe
/lyzka-do-opon-kmc-chain-aid-pd29649/,narzędzia-rowerowe
/multitool-crankbrothers-multi-20-pd22874/,narzędzia-rowerowe
/multitool-topeak-tubi-11-combo-pd25039/,narzędzia-rowerowe
/obcinaczki-do-linek-i-pancerzy-topeak-cable-housing-cutter-pd2442/,narzędzia-rowerowe
/multitool-lezyne-rap-ii-24-pd24341/,narzędzia-rowerowe
/multitool-crankbrothers-multi-19-pd10611/?v_Id=129822,narzędzia-rowerowe
/multitool-topeak-ninja-16-pd34015/,narzędzia-rowerowe
/klucz-do-pedalow-park-tool-hcw-16-3-pd34236/,narzędzia-rowerowe
/multitool-unior-euro-13-pd24414/,narzędzia-rowerowe
/multitool-crankbrothers-multi-20-pd22874/?v_Id=143822,narzędzia-rowerowe
/multitool-lezyne-v-pro-17-pd25741/,narzędzia-rowerowe
/multitool-park-tool-mtb-5-pd34255/,narzędzia-rowerowe
/multitool-lezyne-v-pro-11-pd27713/,narzędzia-rowerowe
/multitool-topeak-mini-p20-pd25046/,narzędzia-rowerowe
/obcinaczki-do-przewodow-hamulcow-hydraulicznych-jagwire-pro-hydraulic-hose-cutter-pd35923/,narzędzia-rowerowe
/klucz-do-suportu-token-tf4630-3spa-pd28231/,narzędzia-rowerowe
/multitool-blackburn-grid-quick-link-18-pd20997/,narzędzia-rowerowe
/multitool-lezyne-rap-ii-25-co2-pd27722/,narzędzia-rowerowe
/multitool-topeak-tubi-18-pd25038/,narzędzia-rowerowe
/skuwacz-do-lancucha-unior-1647-2abi-pd12751/,narzędzia-rowerowe
/bacik-do-kaset-park-tool-sr-12-2-pd26210/,narzędzia-rowerowe
/multitool-park-tool-mt-20-pd34250/,narzędzia-rowerowe
/bacik-do-kaset-park-tool-sr-2-3-pd25542/,narzędzia-rowerowe
/klucz-multifunkcyjny-lezyne-multi-chain-plier-pd27700/,narzędzia-rowerowe
/multitool-blackburn-wayside-multi-tool-pd22739/,narzędzia-rowerowe
/skuwacz-do-lancucha-unior-1647-2abi-pd12751/?v_Id=102677,narzędzia-rowerowe
/klucz-do-kaset-z-raczka-lezyne-classic-chain-rod-pd32125/,narzędzia-rowerowe
/obcinaczki-do-linek-i-pancerzy-park-tool-cn-10-pd17486/,narzędzia-rowerowe
/multitool-topeak-alien-ii-pd1180/,narzędzia-rowerowe
/klucz-park-tool-pw-3-pd6987/,narzędzia-rowerowe
/klucz-do-pedalow-lezyne-classic-pedal-rod-pd32121/,narzędzia-rowerowe
/srubokret-park-tool-sd-set-pd7728/,narzędzia-rowerowe
/klucz-do-blokady-silnika-park-tool-lrt-1-pd34241/,narzędzia-rowerowe
/przyrzad-do-montazu-gwiazdki-park-tool-tns-1-pd17480/,narzędzia-rowerowe
/pasek-lizard-skins-utility-strap-pd34805/,narzędzia-rowerowe
/wybijak-do-sterow-unior-1681-1-4-pd12750/,narzędzia-rowerowe
/klucz-do-pedalow-unior-1613-2bi-pd12723/,narzędzia-rowerowe
/klucz-dynamometryczny-topeak-nano-torqbar-pd6205/,narzędzia-rowerowe
/klucz-park-tool-bbt-9-pd1653/,narzędzia-rowerowe
/przymiar-zuzycia-lancucha-unior-1643-4-pd12726/,narzędzia-rowerowe
/mlotek-park-tool-hmr-4-pd4751/,narzędzia-rowerowe
/klucz-do-pedalow-feedback-2-1-pedal-wrench-combo-pd36693/,narzędzia-rowerowe
/przymiar-zuzycia-lancucha-park-tool-cc-2-pd17467/,narzędzia-rowerowe
/pojemnik-na-narzedzia-xlc-mr-s17-pd35643/,narzędzia-rowerowe
/waga-elektroniczna-park-tool-ds-2-pd3516/,narzędzia-rowerowe
/waga-elektroniczna-xlc-to-s77-pd10274/,narzędzia-rowerowe
/przyrzad-do-sprawdzania-centrycznosci-kola-bike-hand-yc-509-pd33514/,narzędzia-rowerowe
/przyrzad-do-demontazu-sterow-park-tool-rt-1-pd17478/,narzędzia-rowerowe
/klucz-park-tool-pw-4-pd6988/,narzędzia-rowerowe
/adapter-osi-do-centrownicy-feedback-thru-axle-pd36673/,narzędzia-rowerowe
/klucz-park-tool-paw-12-pd6580/,narzędzia-rowerowe
/organizer-na-narzedzia-hiplok-organizer-pd31577/,narzędzia-rowerowe
/uchwyt-do-osi-piast-i-pedalow-park-tool-av-5-pd34189/,narzędzia-rowerowe
/taca-do-stojaka-serwisowego-feedback-pd36681/,narzędzia-rowerowe
/wklad-naprawczy-gwintu-unior-1695-4a-pd24351/,narzędzia-rowerowe
/przyrzad-do-sprawdzania-centrycznosci-kola-park-tool-wag-5-pd17483/,narzędzia-rowerowe
/przyrzad-do-montazu-gwiazdki-park-tool-tns-4-pd17481/,narzędzia-rowerowe
/blotnik-mtb-eyen-mudcatcher-front-pd31295/,błotniki rowerowe
/blotnik-mtb-eyen-mudcatcher-rear-pd31294/,błotniki rowerowe
/komplet-blotnikow-mtb-eyen-alley-1-pd25203/,błotniki rowerowe
/komplet-blotnikow-mtb-eyen-mt-pd25204/,błotniki rowerowe
/komplet-blotnikow-mtb-eyen-mudcatcher-set-pd31296/,błotniki rowerowe
/komplet-blotnikow-rowerowych-sks-velo-55-cross-pd9544/,błotniki rowerowe
/komplet-blotnikow-mtb-eyen-razor-clamp-pd24818/,błotniki rowerowe
/komplet-blotnikow-rowerowych-eyen-metropolis-long-50-pd24836/,błotniki rowerowe
/komplet-blotnikow-rowerowych-eyen-tripper-short-45-pd24833/,błotniki rowerowe
/komplet-blotnikow-rowerowych-eyen-tripper-short-45-pd24833/?v_Id=151416,błotniki rowerowe
/blotnik-mtb-sks-shockblade-dark-pd7858/,błotniki rowerowe
/blotnik-fox-racing-shox-36-38-pd34931/,błotniki rowerowe
/przedluzka-do-blotnika-sks-bluemels-style-pd29743/,błotniki rowerowe
/blotnik-mtb-topeak-mtx-defender-pd6152/,błotniki rowerowe
/blotnik-mtb-xlc-mg-c42-vr-pd35731/,błotniki rowerowe
/blotnik-mtb-xlc-mg-c43-hr-pd35732/,błotniki rowerowe
/blotnik-mtb-topeak-d-flash-st-pd25173/,błotniki rowerowe
/blotnik-mtb-wtb-pd32521/,błotniki rowerowe
/blotnik-rowerowy-zefal-deflector-fc50-pd3200/,błotniki rowerowe
/wspornik-do-blotnikow-sks-velo-42-urban-47-trekking-pd9541/,błotniki rowerowe
/blotnik-enduro-mucky-nutz-face-fender-pd13716/,błotniki rowerowe
/komplet-blotnikow-rowerowych-sks-hightrek-junior-pd4731/,błotniki rowerowe
/wspornik-do-blotnikow-sks-velo-42-urban-47-trekking-suntour-pd9542/,błotniki rowerowe
/wspornik-do-blotnikow-sks-velo-65-mountain-pd9553/,błotniki rowerowe
/blotnik-rowerowy-zefal-croozer-road-pd2970/,błotniki rowerowe
/komplet-blotnikow-rowerowych-zefal-kid-pd5157/,błotniki rowerowe
/blotnik-rowerowy-fox-mud-guard-lavender-pd36707/,błotniki rowerowe
/komplet-blotnikow-mtb-eyen-youngster-long-pd24819/,błotniki rowerowe
/klucz-do-szprych-bike-hand-yc-8f-pd33499/,narzędzia-rowerowe
/klucz-do-sterow-bike-hand-yc-153-pd10934/,narzędzia-rowerowe
/klucz-do-regulacji-sprzegla-przerzutek-park-tool-dw-2-pd35107/,narzędzia-rowerowe
/przymiar-zuzycia-lancucha-topeak-chain-hook-wear-indicator-pd2544/,narzędzia-rowerowe
/zestaw-kluczy-bike-hand-yc-633-pd18811/,narzędzia-rowerowe
/klucz-do-szprych-topeak-multispoke-pd6180/,narzędzia-rowerowe
/sciagacz-do-korb-bike-hand-yc-215a-pd10945/,narzędzia-rowerowe
/pojemnik-na-narzedzia-lezyne-tool-box-flow-caddy-pd32129/,narzędzia-rowerowe
/klucz-do-szprych-park-tool-sw-0-pd8673/,narzędzia-rowerowe
/przymiar-zuzycia-lancucha-unior-1644-4-pd23254/,narzędzia-rowerowe
/miarka-zwijana-park-tool-rr-12-pd7545/,narzędzia-rowerowe
/klucz-do-prostowania-tarcz-bike-hand-yc-165-pd10939/,narzędzia-rowerowe
/klucz-do-pedalow-unior-pd24352/,narzędzia-rowerowe
/pojemnik-na-narzedzia-elite-byasi-pd31325/,narzędzia-rowerowe
/bidon-na-narzedzia-rowerowe-sks-cagebox-pd2449/,narzędzia-rowerowe
/klucz-do-pedalow-unior-1610-2-pd24347/,narzędzia-rowerowe
/klucz-do-pedalow-bike-hand-yc-163l-pd18812/,narzędzia-rowerowe
/klucz-do-szprych-park-tool-sw-17-pd8680/,narzędzia-rowerowe
/klucz-do-szprych-park-tool-sw-40-pd8684/,narzędzia-rowerowe
/klucz-do-szprych-park-tool-sw-7-2-pd8687/,narzędzia-rowerowe
/klucz-park-tool-spa-1-pd8242/,narzędzia-rowerowe
/chwytak-do-sztycy-widelca-lub-kierownicy-bike-hand-yc-112-pd10928/,narzędzia-rowerowe
/miska-magnetyczna-park-tool-mb-1-pd5816/,narzędzia-rowerowe
/klucz-do-wbijania-gwiazdki-sterow-bike-hand-star-nut-setting-tool-pd29092/,narzędzia-rowerowe
/klucz-do-korb-park-tool-bbt-16-pd25534/,narzędzia-rowerowe
/klucz-do-szprych-park-tool-sw-12-pd8675/,narzędzia-rowerowe
/sciagacz-do-korb-topeak-universal-crank-puller-pd9453/,narzędzia-rowerowe
/klucz-do-szprych-park-tool-sw-18-pd18285/,narzędzia-rowerowe
/przymiar-zuzycia-lancucha-lezyne-chain-gauge-pd27699/,narzędzia-rowerowe
/przymiar-zuzycia-lancucha-park-tool-cc-3-2-pd17468/,narzędzia-rowerowe
/klucz-do-szprych-park-tool-sw-13-pd8676/,narzędzia-rowerowe
/uchwyt-park-tool-av-1-pd1487/,narzędzia-rowerowe
/narzedzie-do-nabijania-biezni-sterow-bike-hand-yc-1860-pd19100/,narzędzia-rowerowe
/klucz-park-tool-st-3-pd37951/,narzędzia-rowerowe
/trojstronny-klucz-nasadowy-unior-1781-2-pd22578/,narzędzia-rowerowe
/klucz-park-tool-pw-5-pd6989/,narzędzia-rowerowe
/klucz-do-szprych-feedback-3-way-spoke-wrench-pd36692/,narzędzia-rowerowe
/trojstronny-klucz-torx-feedback-3-way-torx-wrench-pd36691/,narzędzia-rowerowe
/sciagacz-do-korb-unior-1662-4-pd24391/,narzędzia-rowerowe
/klucz-park-tool-hcw-5-pd4615/,narzędzia-rowerowe
/klucz-do-szprych-park-tool-sw-15-pd8678/,narzędzia-rowerowe
/przystawka-park-tool-ts-2ta-pd9305/,narzędzia-rowerowe
/sciagacz-do-korb-park-tool-ccp-22-pd2519/,narzędzia-rowerowe
/sciagacz-do-korb-park-tool-ccp-44-pd2520/,narzędzia-rowerowe
/klucz-dynamometryczny-topeak-nano-torqbox-pd6206/,narzędzia-rowerowe
/klucz-park-tool-dt-2-pd3522/,narzędzia-rowerowe
/klucz-park-tool-bbt-18-pd1646/,narzędzia-rowerowe
/sciagacz-do-korb-shimano-tl-fc10-pd8984/,narzędzia-rowerowe
/zestaw-kluczy-topeak-torx-pd9089/,narzędzia-rowerowe
/naciag-lancucha-pro-pd28907/,narzędzia-rowerowe
/sciagacz-do-korb-unior-1661-4-pd24350/,narzędzia-rowerowe
/klucz-park-tool-hcw-4-pd4614/,narzędzia-rowerowe
/noz-techniczny-park-tool-uk-1-pd9370/,narzędzia-rowerowe
/adapter-do-centrownicy-unior-cannondale-lefty-pd24397/,narzędzia-rowerowe
/klucz-park-tool-hcw-15-pd4612/,narzędzia-rowerowe
/sciagacz-korb-z-uchwytem-unior-1661-3-4p-pd12746/,narzędzia-rowerowe
/blotnik-enduro-rock-shox-mtb-fender-pd25551/?v_Id=155156,błotniki rowerowe
/blotnik-enduro-rock-shox-mtb-fender-pd25551/?v_Id=180082,błotniki rowerowe
/blotnik-enduro-zefal-deflector-fm30-pd25459/,błotniki rowerowe
/blotnik-mtb-topeak-defender-m1-pd3190/,błotniki rowerowe
/blotnik-rowerowy-sks-s-blade-fixed-pd22812/,błotniki rowerowe
/komplet-blotnikow-rowerowych-sks-routing-pd7525/,błotniki rowerowe
/blotnik-gravelowy-ass-savers-fendor-bendor-regular-pd24019/,błotniki rowerowe
/blotnik-pod-bagaznik-ortlieb-quick-rack-mudguard-pd31718/,błotniki rowerowe
/blotnik-mtb-sks-x-tra-dry-pd10127/,błotniki rowerowe
/komplet-blotnikow-rowerowych-sks-routing-pd7525/?v_Id=8989,błotniki rowerowe
/blotnik-enduro-ass-savers-fendor-bendor-big-detour-pd24018/,błotniki rowerowe
/blotnik-mtb-sks-shockboard-pd7861/,błotniki rowerowe
/blotnik-mtb-ass-savers-speed-mullet-pd29294/,błotniki rowerowe
/blotnik-enduro-rock-shox-mtb-fender-pd25551/?v_Id=155160,błotniki rowerowe
/blotnik-enduro-rock-shox-mtb-fender-pd25551/?v_Id=155157,błotniki rowerowe
/komplet-blotnikow-rowerowych-sks-beavertail-xl-pd1693/,błotniki rowerowe
/blotnik-pod-bagaznik-topeak-tetrarack-fender-m2-pd31094/,błotniki rowerowe
/blotnik-enduro-zefal-no-mud-pd6297/,błotniki rowerowe
/komplet-blotnikow-rowerowych-eyen-tripper-long-45-pd24832/?v_Id=151405,błotniki rowerowe
/komplet-blotnikow-rowerowych-eyen-tripper-short-45-pd24833/?v_Id=151415,błotniki rowerowe
/komplet-blotnikow-rowerowych-eyen-tripper-long-50-pd24834/?v_Id=151426,błotniki rowerowe
/komplet-blotnikow-rowerowych-sks-beavertail-pd1692/,błotniki rowerowe
/komplet-blotnikow-mtb-sks-rowdy-pd7527/,błotniki rowerowe
/komplet-blotnikow-mtb-eyen-rider-strap-pd25205/,błotniki rowerowe
/komplet-blotnikow-rowerowych-eyen-tripper-long-50-pd24834/?v_Id=151429,błotniki rowerowe
/komplet-blotnikow-rowerowych-sks-velo-47-trekking-pd9543/,błotniki rowerowe
/komplet-blotnikow-rowerowych-sks-bluemels-trekking-pd1857/,błotniki rowerowe
/komplet-blotnikow-mtb-sks-velo-65-mountain-pd9551/,błotniki rowerowe
/blotnik-mtb-topeak-defender-rx-279er-pd3195/,błotniki rowerowe
/blotnik-mtb-sks-velo-65-mountain-pd9552/,błotniki rowerowe
/blotnik-szosowy-ass-savers-regular-pd24010/?v_Id=191949,błotniki rowerowe
/blotnik-szosowy-ass-savers-regular-pd24010/?v_Id=191870,błotniki rowerowe
/blotnik-enduro-ass-savers-big-wolf-pd24025/,błotniki rowerowe
/blotnik-rowerowy-topeak-d-flash-express-st-pd33081/,błotniki rowerowe
/blotnik-szosowy-assos-mud-guard-monogram-pd32059/,błotniki rowerowe
/komplet-blotnikow-rowerowych-eyen-tripper-short-45-pd24833/?v_Id=151412,błotniki rowerowe
/komplet-blotnikow-rowerowych-eyen-tripper-long-50-pd24834/?v_Id=151430,błotniki rowerowe
/blotnik-szosowy-ass-savers-regular-pd24010/?v_Id=191951,błotniki rowerowe
/blotnik-enduro-ass-savers-big-pd24012/?v_Id=191958,błotniki rowerowe
/blotnik-szosowy-ass-savers-regular-pd24010/?v_Id=191948,błotniki rowerowe
/blotnik-enduro-ass-savers-mudder-regular-wolf-pd24026/,błotniki rowerowe
/blotnik-enduro-ass-savers-big-pd24012/?v_Id=191960,błotniki rowerowe
/blotnik-mtb-topeak-defender-fx-279er-pd3189/,błotniki rowerowe
/komplet-blotnikow-rowerowych-sks-atb-pd1460/?v_Id=8991,błotniki rowerowe
/komplet-blotnikow-rowerowych-sks-atb-pd1460/,błotniki rowerowe
/blotnik-enduro-rock-shox-mtb-fender-pd25551/,błotniki rowerowe
/blotnik-enduro-ass-savers-mudder-regular-pd24015/?v_Id=191964,błotniki rowerowe
/blotnik-enduro-ass-savers-mudder-mini-pd24016/,błotniki rowerowe
/blotnik-mtb-zefal-deflector-rm60-pd24606/,błotniki rowerowe
/blotnik-gravelowy-ass-savers-mudder-mini-detour-pd24027/,błotniki rowerowe
/blotnik-enduro-rock-shox-mtb-fender-pd25551/?v_Id=169544,błotniki rowerowe
/blotnik-enduro-rock-shox-mtb-fender-pd25551/?v_Id=155159,błotniki rowerowe
/blotnik-mtb-zefal-deflector-rm90-pd34480/,błotniki rowerowe
/komplet-blotnikow-rowerowych-eyen-tripper-long-45-pd24832/,błotniki rowerowe
/komplet-blotnikow-rowerowych-eyen-metropolis-long-45-pd24835/?v_Id=151437,błotniki rowerowe
/blotnik-enduro-rock-shox-mtb-fender-pd25551/?v_Id=169543,błotniki rowerowe
/zestaw-narzedzi-eyen-toolbox-pd35172/,narzędzia-rowerowe
/zestaw-narzedzi-bike-hand-yc-735abb-pd18818/,narzędzia-rowerowe
/zestaw-narzedzi-topeak-ninja-master-toolbox-t20-pd25017/,narzędzia-rowerowe
/multitool-lezyne-sv-22-pd26537/,narzędzia-rowerowe
/multitool-lezyne-sv-pro-10-pd32006/,narzędzia-rowerowe
/obcinaczka-do-linek-i-pancerzy-jagwire-hose-cutter-pd32813/,narzędzia-rowerowe
/przyrzad-do-wciskanych-lozysk-suportu-park-tool-bbt-90-3-pd17464/,narzędzia-rowerowe
/multitool-lezyne-super-v23-pd26447/,narzędzia-rowerowe
/skuwacz-do-lancucha-feedback-chain-tool-3-0-pd36700/,narzędzia-rowerowe
/klucz-multifunkcyjny-blackburn-big-switch-ratchet-multi-tool-pd25737/,narzędzia-rowerowe
/zestaw-narzedzi-bike-hand-yc-735a-pd10972/,narzędzia-rowerowe
/zestaw-kluczy-imbusowych-unior-2-5-10-pd24416/,narzędzia-rowerowe
/przyrzad-do-przytrzymywania-linki-hamulca-park-tool-bt-2-pd17465/,narzędzia-rowerowe
/multitool-park-tool-mt-40-pd34252/,narzędzia-rowerowe
/zestaw-narzedzi-topeak-ninja-master-toolbox-pt30-pd24998/,narzędzia-rowerowe
/zestaw-kluczy-rowerowych-bike-hand-yc-728-pd10971/,narzędzia-rowerowe
/multitool-topeak-alien-iii-pd1181/,narzędzia-rowerowe
/skuwacz-do-lancucha-unior-master-pd24410/,narzędzia-rowerowe
/zestaw-narzedzi-feedback-team-edition-tool-kit-pd36686/,narzędzia-rowerowe
/klucz-do-srub-tarczy-korby-bike-hand-yc-271-pd18797/,narzędzia-rowerowe
/klucz-do-osi-pedalow-shimano-tl-pd40-pd9005/,narzędzia-rowerowe
/przymiar-zuzycia-lancucha-bike-hand-yc-503-pd10968/,narzędzia-rowerowe
/klucz-do-korb-bike-hand-yc-27-pd10953/,narzędzia-rowerowe
/chwytak-do-lancucha-bike-hand-yc-521-pd18805/,narzędzia-rowerowe
/przymiar-zuzycia-lancucha-bike-hand-yc-503h-pd33497/,narzędzia-rowerowe
/klucz-do-szprych-bike-hand-yc-1a-pd10941/,narzędzia-rowerowe
/sciagacz-do-korb-bike-hand-yc-216-pd10947/,narzędzia-rowerowe
/klucz-park-tool-cnw-2-pd2765/,narzędzia-rowerowe
/wspornik-do-blotnikow-sks-velo-55-cross-pd9545/,błotniki rowerowe
/wspornik-do-blotnikow-sks-velo-55-junior-pd9548/,błotniki rowerowe
/blotnik-mtb-sks-s-guard-pd7790/,błotniki rowerowe
/blotnik-mtb-author-x-flap-pd18725/,błotniki rowerowe
/blotnik-mtb-sks-flap-guard-pd4105/,błotniki rowerowe
/komplet-blotnikow-mtb-sks-velo-55-kids-pd9549/,błotniki rowerowe
/wspornik-do-blotnikow-sks-bluemels-primus-pd25818/,błotniki rowerowe
/komplet-blotnikow-mtb-author-axp-junior-pd25225/,błotniki rowerowe
/komplet-blotnikow-rowerowych-sks-trekking-pd9257/,błotniki rowerowe
/blotnik-mtb-sks-x-board-pd10029/,błotniki rowerowe
/komplet-blotnikow-rowerowych-sks-hightrek-2-0-pd23391/,błotniki rowerowe
/blotnik-mtb-sks-x-board-pd10029/?v_Id=9930,błotniki rowerowe
/blotnik-enduro-rock-shox-mtb-fender-pd25551/?v_Id=155155,błotniki rowerowe
/blotnik-rowerowy-sks-s-blade-pd7666/,błotniki rowerowe
/komplet-blotnikow-rowerowych-author-axp-07-pd1543/,błotniki rowerowe
/blotnik-mtb-sks-dashblade-pd3147/,błotniki rowerowe
/blotnik-gravelowy-sks-s-board-pd7667/,błotniki rowerowe
/blotnik-mtb-sks-dashboard-pd3148/,błotniki rowerowe
/blotnik-mtb-sks-shockboard-xl-pd7863/,błotniki rowerowe
/blotnik-mtb-author-x-shield-pd25104/?v_Id=152729,błotniki rowerowe
/komplet-blotnikow-rowerowych-sks-commuter-atb-pd17693/,błotniki rowerowe
/komplet-blotnikow-mtb-sks-x-board-x-blade-28-29-pd24251/,błotniki rowerowe
/komplet-blotnikow-rowerowych-sks-stingray-pd23395/,błotniki rowerowe
/komplet-blotnikow-rowerowych-sks-bluemels-reflective-pd1856/,błotniki rowerowe
/blotnik-mtb-sks-nightblade-pd23383/?v_Id=145487,błotniki rowerowe
/komplet-blotnikow-szosowych-sks-raceblade-long-pd7129/,błotniki rowerowe
/komplet-blotnikow-rowerowych-sks-bluemels-style-pd29771/,błotniki rowerowe
/komplet-blotnikow-mtb-sks-blade-set-pd34147/?v_Id=194469,błotniki rowerowe
/blotnik-mtb-sks-shockblade-ii-pd7859/,błotniki rowerowe
/blotnik-mtb-sks-shockblade-ii-pd7859/?v_Id=53215,błotniki rowerowe
/komplet-blotnikow-mtb-eyen-rider-clamp-pd24830/,błotniki rowerowe
/komplet-blotnikow-mtb-zefal-deflector-fc60-rc60-pd3201/,błotniki rowerowe
/blotnik-gravelowy-rock-shox-rudy-xplr-pd27106/,błotniki rowerowe
/blotnik-pod-bagaznik-sks-infinity-universal-pd35612/,błotniki rowerowe
/blotnik-mtb-sks-x-guard-pd34149/,błotniki rowerowe
/komplet-blotnikow-rowerowych-sks-velo-42-urban-pd9540/,błotniki rowerowe
/komplet-blotnikow-mtb-eyen-razor-strap-pd24817/,błotniki rowerowe
/komplet-blotnikow-mtb-eyen-razor-strap-pd24817/?v_Id=151163,błotniki rowerowe
/blotnik-mtb-sks-x-blade-ii-pd10028/,błotniki rowerowe
/komplet-blotnikow-rowerowych-sks-s-board-s-blade-pd23453/,błotniki rowerowe
/komplet-blotnikow-mtb-eyen-razor-clamp-pd24818/?v_Id=151173,błotniki rowerowe
/blotnik-gravelowy-ass-savers-win-wing-gravel-pd33355/,błotniki rowerowe
/blotnik-gravelowy-ass-savers-win-wing-gravel-pd33355/?v_Id=189404,błotniki rowerowe
/blotnik-szosowy-ass-savers-win-wing-road-pd33356/,błotniki rowerowe
/blotnik-mtb-sks-nightblade-pd23383/,błotniki rowerowe
/blotnik-szosowy-ass-savers-win-wing-road-pd33356/?v_Id=189439,błotniki rowerowe
/blotnik-szosowy-ass-savers-win-wing-road-pd33356/?v_Id=189440,błotniki rowerowe
/blotnik-szosowy-ass-savers-win-wing-road-pd33356/?v_Id=189433,błotniki rowerowe
/blotnik-gravelowy-ass-savers-win-wing-gravel-pd33355/?v_Id=189411,błotniki rowerowe
/blotnik-gravelowy-ass-savers-win-wing-gravel-pd33355/?v_Id=189410,błotniki rowerowe
/blotnik-mtb-topeak-defender-xc11-pd3198/,błotniki rowerowe
/blotnik-gravelowy-ass-savers-win-wing-gravel-pd33355/?v_Id=189418,błotniki rowerowe
/blotnik-szosowy-ass-savers-win-wing-road-pd33356/?v_Id=189442,błotniki rowerowe
/blotnik-mtb-sks-mudrocker-pd25993/,błotniki rowerowe
/komplet-blotnikow-rowerowych-sks-longboard-pd5555/,błotniki rowerowe
/komplet-blotnikow-rowerowych-sks-bluemels-basic-pd29772/?v_Id=173612,błotniki rowerowe
/komplet-blotnikow-szosowych-topeak-defender-rc1-rc11-pd25174/,błotniki rowerowe
/komplet-blotnikow-szosowych-zefal-shield-r35-pd29503/,błotniki rowerowe
/komplet-blotnikow-mtb-eyen-hill-long-pd24806/,błotniki rowerowe
/komplet-blotnikow-mtb-eyen-hill-long-pd24806/?v_Id=151141,błotniki rowerowe
/komplet-blotnikow-mtb-eyen-hill-long-pd24806/?v_Id=151140,błotniki rowerowe
/komplet-blotnikow-mtb-eyen-hill-short-pd24808/?v_Id=151151,błotniki rowerowe
/komplet-blotnikow-szosowych-sks-raceblade-pro-pd7130/,błotniki rowerowe
/komplet-blotnikow-mtb-eyen-hill-long-pd24806/?v_Id=151138,błotniki rowerowe
/komplet-blotnikow-mtb-eyen-hill-short-pd24808/,błotniki rowerowe
/komplet-blotnikow-gravelowych-zefal-shield-g50-pd29504/,błotniki rowerowe
/komplet-blotnikow-mtb-topeak-defender-m1-m2-pd3191/,błotniki rowerowe
/komplet-blotnikow-szosowych-sks-raceblade-pro-xl-pd7131/,błotniki rowerowe
/komplet-blotnikow-mtb-sks-veloflexx-pd23455/,błotniki rowerowe
/komplet-blotnikow-rowerowych-woom-snap-click-on-pd31158/,błotniki rowerowe
/komplet-blotnikow-mtb-sks-blade-set-pd34147/,błotniki rowerowe
/komplet-blotnikow-mtb-sks-blade-29-27-5-plus-pd34145/,błotniki rowerowe
/komplet-blotnikow-mtb-sks-fatboard-pd3979/,błotniki rowerowe
/komplet-blotnikow-rowerowych-sks-edge-al-56-pd29722/,błotniki rowerowe
/komplet-blotnikow-mtb-topeak-defender-m1-xc11-pd3192/,błotniki rowerowe
/komplet-blotnikow-rowerowych-sks-edge-al-pd27844/,błotniki rowerowe
/komplet-blotnikow-rowerowych-topeak-defender-tx-pd16023/,błotniki rowerowe
/komplet-blotnikow-szosowych-topeak-defender-iglow-x-pd25305/,błotniki rowerowe
/komplet-blotnikow-mtb-topeak-defender-xc1-xc11-pd3197/,błotniki rowerowe
/blotnik-mtb-topeak-defender-xc1-pd3196/,błotniki rowerowe
/wspornik-do-blotnikow-sks-velo-55-kids-pd9550/,błotniki rowerowe
/uchwyty-do-wspornikow-sks-pd34164/,błotniki rowerowe
/wspornik-do-blotnikow-sks-velo-42-urban-47-trekking-suntour-pd9542/?v_Id=76189,błotniki rowerowe
/chlapacz-do-blotnika-sks-pd2153/,błotniki rowerowe
/blotnik-mtb-author-x-flap-seat-pd25224/,błotniki rowerowe
/chlapacz-do-blotnika-ass-savers-toetector-pd24022/,błotniki rowerowe
/wspornik-do-blotnikow-sks-velo-42-urban-47-trekking-pd9541/?v_Id=148019,błotniki rowerowe
/blotnik-szosowy-ass-savers-regular-pd24010/,błotniki rowerowe
/komplet-blotnikow-mtb-eyen-alley-2-pd24812/,błotniki rowerowe
/komplet-blotnikow-mtb-eyen-rider-long-pd25213/,błotniki rowerowe
/chlapacz-do-blotnika-ass-savers-brotector-pd24021/,błotniki rowerowe
/blotnik-enduro-ass-savers-big-pd24012/,błotniki rowerowe
/blotnik-mtb-sks-x-board-dark-pd10030/,błotniki rowerowe
/komplet-blotnikow-mtb-eyen-rider-short-pd25214/,błotniki rowerowe
/blotnik-mtb-fox-mud-guard-pd25402/,błotniki rowerowe
/blotnik-mtb-fox-mud-guard-pd25402/?v_Id=197621,błotniki rowerowe
/komplet-blotnikow-rowerowych-zefal-trail-55-pd24145/,błotniki rowerowe
/komplet-blotnikow-mtb-zefal-kid-mtb-pd34482/,błotniki rowerowe
/komplet-blotnikow-rowerowych-sks-velo-55-junior-pd9547/,błotniki rowerowe
/blotnik-mtb-fox-mud-guard-pd25402/?v_Id=197623,błotniki rowerowe
/komplet-blotnikow-mtb-eyen-youngster-long-pd24819/?v_Id=151349,błotniki rowerowe
/komplet-blotnikow-mtb-eyen-youngster-long-pd24819/?v_Id=151353,błotniki rowerowe
/blotnik-mtb-fox-mud-guard-pd25402/?v_Id=197622,błotniki rowerowe
/komplet-blotnikow-rowerowych-eyen-rider-long-pd24829/,błotniki rowerowe
/komplet-blotnikow-mtb-eyen-rider-short-pd24831/,błotniki rowerowe
/komplet-blotnikow-rowerowych-eyen-tripper-long-50-pd24834/,błotniki rowerowe
/blotnik-enduro-ass-savers-mudder-regular-pd24015/,błotniki rowerowe
/blotnik-enduro-ass-savers-regular-magic-pd24024/,błotniki rowerowe
/blotnik-mtb-xlc-mg-c43-hr-pd35732/?v_Id=204772,błotniki rowerowe
/blotnik-szosowy-ass-savers-regular-pd24010/?v_Id=191956,błotniki rowerowe
/blotnik-szosowy-ass-savers-regular-pd24010/?v_Id=191952,błotniki rowerowe
/chlapacz-do-blotnika-ass-savers-brotector-pd24021/?v_Id=147736,błotniki rowerowe
/bagaznik-rowerowy-przedni-tubus-lowrider-grand-expedition-pd34500/,bagażniki rowerowe
/bagaznik-rowerowy-tylny-tubus-grand-tour-28-pd34498/,bagażniki rowerowe
/bagaznik-rowerowy-tylny-tubus-cosmo-28-pd34503/,bagażniki rowerowe
/mocowanie-bagaznika-do-widelca-pod-szybkozamykacz-sport-arsenal-art-058-pd16155/,bagażniki rowerowe
/mocowanie-bagaznika-pod-szybkozamykacz-sport-arsenal-art-059-pd16153/,bagażniki rowerowe
/dolne-zakonczenia-wspornikow-bagaznika-pletscher-pd28943/,bagażniki rowerowe
/przedluzenie-do-montazu-bagaznika-sport-arsenal-art-063-pd16152/,bagażniki rowerowe
/dolne-oczko-do-bagaznikow-tubus-lowrider-pd13778/,bagażniki rowerowe
/palak-do-usztywnienia-konstrukcji-bagaznika-basil-fixer-distance-holder-pd34369/,bagażniki rowerowe
/paski-mocujace-bagaz-sport-arsenal-art-021-pd16156/,bagażniki rowerowe
/zestaw-do-montazu-bagaznika-sport-arsenal-art-061-pd10231/,bagażniki rowerowe
/tasma-na-bagaznik-author-aes-320-pd25102/,bagażniki rowerowe
/zestaw-3d-do-montazu-bagaznika-sport-arsenal-art-060-pd16142/,bagażniki rowerowe
/kluczyk-do-mocowan-basil-mik-stick-pd34377/,bagażniki rowerowe
/obejmy-tylnego-widelca-tubus-pd13624/,bagażniki rowerowe
/guma-do-bagaznika-z-hakami-racktime-pd34493/,bagażniki rowerowe
/system-montazowy-do-toreb-basil-dbs-pd34374/,bagażniki rowerowe
/uchwyt-mocowania-basil-fixed-mounted-pd34372/,bagażniki rowerowe
/obejmy-tubus-lowrider-pd13779/,bagażniki rowerowe
/adapter-pletscher-easy-fix-pd28876/,bagażniki rowerowe
/stelaz-do-sakwy-basil-mik-double-decker-pd34376/,bagażniki rowerowe
/uchwyt-do-sakwy-na-kierownice-sport-arsenal-art-183-pd10234/,bagażniki rowerowe
/adapter-do-bagaznika-ortlieb-quick-rack-seat-stay-adapter-pd29640/,bagażniki rowerowe
/adapter-do-bagaznika-author-carry-more-d26-pd34856/,bagażniki rowerowe
/adapter-bagaznika-do-hamulca-tarczowego-tubus-pd16439/,bagażniki rowerowe
/stelaz-do-sakwy-basil-mik-pannier-bag-tubes-pd34375/,bagażniki rowerowe
/uchwyt-na-rower-sp-connect-aero-mount-pro-pd36314/,bagażniki rowerowe
/ramki-topeak-mtx-dual-side-frames-pd6153/,bagażniki rowerowe
/bagaznik-rowerowy-przedni-tubus-lowrider-duo-pd34502/,bagażniki rowerowe
/bagaznik-rowerowy-tylny-blackburn-interlock-pd33048/,bagażniki rowerowe
/bagaznik-rowerowy-przedni-tubus-tara-lowrider-pd13891/,bagażniki rowerowe
/bagaznik-rowerowy-tylny-topeak-tetrarack-r2-pd25141/,bagażniki rowerowe
/bagaznik-rowerowy-przedni-blackburn-outpost-pd25710/,bagażniki rowerowe
/bagaznik-rowerowy-tylny-tubus-logo-classic-pd13775/,bagażniki rowerowe
/bagaznik-rowerowy-tylny-tubus-fly-pd36201/,bagażniki rowerowe
/bagaznik-rowerowy-tylny-tubus-fly-pd36201/?v_Id=202239,bagażniki rowerowe
/bagaznik-rowerowy-tylny-tubus-fly-evo-pd36202/,bagażniki rowerowe
/bagaznik-rowerowy-przedni-basil-portland-pd34363/,bagażniki rowerowe
/bagaznik-rowerowy-tylny-tubus-disco-pd13694/,bagażniki rowerowe
/bagaznik-rowerowy-tylny-tubus-vega-classic-pd35523/,bagażniki rowerowe
/bagaznik-rowerowy-tylny-tubus-cargo-evo-pd13649/,bagażniki rowerowe
/bagaznik-rowerowy-tylny-tubus-logo-classic-pd13775/?v_Id=152894,bagażniki rowerowe
/bagaznik-rowerowy-tylny-tubus-vega-evo-pd36985/,bagażniki rowerowe
/bagaznik-rowerowy-tylny-sks-infinity-universal-mik-pd35610/,bagażniki rowerowe
/bagaznik-rowerowy-tylny-tubus-fat-pd34501/,bagażniki rowerowe
/bagaznik-rowerowy-tylny-sport-arsenal-snc-art-215-pd10753/,bagażniki rowerowe
/bagaznik-rowerowy-przedni-roswheel-tour-front-rack-pd22729/,bagażniki rowerowe
/bagaznik-rowerowy-tylny-topeak-mtx-beam-rack-pd6151/,bagażniki rowerowe
/bagaznik-rowerowy-przedni-topeak-tetrarack-m1-pd25138/,bagażniki rowerowe
/bagaznik-rowerowy-przedni-topeak-tetrarack-r1-pd25140/,bagażniki rowerowe
/bagaznik-rowerowy-tylny-tubus-cargo-classic-pd13648/,bagażniki rowerowe
/bagaznik-rowerowy-tylny-atranvelo-fly-pd12940/,bagażniki rowerowe
/bagaznik-rowerowy-tylny-romet-hyj-d10-24-28-alum-pd24130/,bagażniki rowerowe
/bagaznik-rowerowy-przedni-topeak-versacage-pd25137/,bagażniki rowerowe
/bagaznik-rowerowy-tylny-pletscher-athlete-pd12597/,bagażniki rowerowe
/bagaznik-rowerowy-tylny-kross-pd33123/,bagażniki rowerowe
/bagaznik-rowerowy-tylny-accent-rc-37-pd7269/,bagażniki rowerowe
/bagaznik-rowerowy-tylny-sport-arsenal-lrc-art-022-pd10602/,bagażniki rowerowe
/bagaznik-rowerowy-tylny-accent-rc-46-pd7271/,bagażniki rowerowe
/bagaznik-rowerowy-tylny-sport-arsenal-expedice-art-216-pd10459/,bagażniki rowerowe
/bagaznik-rowerowy-przedni-author-acr-30-pd978/,bagażniki rowerowe
/bagaznik-rowerowy-tylny-atranvelo-active-seat-post-pd19127/,bagażniki rowerowe
/bagaznik-rowerowy-tylny-accent-rc-38-pd7270/,bagażniki rowerowe
/bagaznik-rowerowy-tylny-sport-arsenal-snc-art-209-pd10751/?v_Id=57618,bagażniki rowerowe
/bagaznik-rowerowy-przedni-xlc-lowrider-lr-f02-pd26455/,bagażniki rowerowe
/bagaznik-rowerowy-tylny-sport-arsenal-art-261-pd27601/,bagażniki rowerowe
/bagaznik-rowerowy-tylny-pletscher-prisma-pd28831/,bagażniki rowerowe
/bagaznik-rowerowy-tylny-author-acr-160-pd974/,bagażniki rowerowe
/bagaznik-rowerowy-tylny-author-acr-25-pd977/,bagażniki rowerowe
/bagaznik-rowerowy-tylny-sport-arsenal-snc-art-220-pd10755/,bagażniki rowerowe
/bagaznik-rowerowy-przedni-atranvelo-explorer-pd24605/,bagażniki rowerowe
/bagaznik-rowerowy-tylny-romet-racktime-eco-2-0-tour-pd36718/,bagażniki rowerowe
/bagaznik-rowerowy-tylny-pletscher-inova-pd13020/,bagażniki rowerowe
/bagaznik-rowerowy-tylny-topeak-mtx-explorer-disc-pd6154/,bagażniki rowerowe
/bagaznik-rowerowy-przedni-author-acr-f04-pd25101/,bagażniki rowerowe
/bagaznik-rowerowy-tylny-atranvelo-fly-seat-post-tour-pd27861/,bagażniki rowerowe
/bagaznik-rowerowy-tylny-sport-arsenal-art-262-pd27602/,bagażniki rowerowe
/bagaznik-rowerowy-tylny-topeak-super-tourist-mtx-2-0-sprezyna-pd34514/,bagażniki rowerowe
/bagaznik-rowerowy-tylny-woom-pickup-pd31161/,bagażniki rowerowe
/bagaznik-rowerowy-tylny-topeak-super-tourist-mtx-2-0-pd34515/,bagażniki rowerowe
/bagaznik-rowerowy-tylny-topeak-beamrack-ex-pd25156/,bagażniki rowerowe
/bagaznik-rowerowy-tylny-xlc-carry-more-retro-rp-r16-pd26380/,bagażniki rowerowe
/bagaznik-rowerowy-tylny-roswheel-pd28684/,bagażniki rowerowe
/bagaznik-rowerowy-tylny-topeak-mtx-explorer-disc-2-0-29-pd34582/,bagażniki rowerowe
/bagaznik-rowerowy-tylny-author-acr-190-carry-more-pd975/,bagażniki rowerowe
/bagaznik-rowerowy-tylny-topeak-mtx-explorer-29er-disc-pd17854/,bagażniki rowerowe
/bagaznik-rowerowy-przedni-author-acr-f14-pd981/,bagażniki rowerowe
/bagaznik-rowerowy-tylny-pletscher-orion-pd13177/,bagażniki rowerowe
/bagaznik-rowerowy-tylny-topeak-master-adaptarack-no-disc-pd25160/,bagażniki rowerowe
/bagaznik-rowerowy-tylny-author-acr-sp05-pd34569/,bagażniki rowerowe
/bagaznik-rowerowy-tylny-sport-arsenal-expedice-art-001-pd24581/,bagażniki rowerowe
/bagaznik-rowerowy-tylny-author-acr-50-pd979/,bagażniki rowerowe
/bagaznik-rowerowy-tylny-topeak-super-tourist-dx-disc-mtx-2-0-pd34513/,bagażniki rowerowe
/bagaznik-rowerowy-tylny-pletscher-quick-rack-system-pd13224/,bagażniki rowerowe
/bagaznik-rowerowy-przedni-basil-front-carrier-pd34362/,bagażniki rowerowe
/bagaznik-rowerowy-tylny-topeak-master-adaptarack-disc-pd25158/,bagażniki rowerowe
/bagaznik-rowerowy-tylny-basil-universal-cargo-carrier-mik-pd34367/,bagażniki rowerowe
/bagaznik-rowerowy-tylny-blackburn-ex-1-disc-pd34040/,bagażniki rowerowe
/bagaznik-rowerowy-tylny-ortlieb-rack-3-ql3-ql3-1-pd18033/,bagażniki rowerowe
/bagaznik-rowerowy-tylny-ortlieb-quick-rack-light-pd29639/,bagażniki rowerowe
/bagaznik-rowerowy-tylny-ortlieb-quick-rack-pd29638/,bagażniki rowerowe
/upgrade-kit-sram-gx-eagle-axs-pd25563/,grupy osprzętu
/grupa-mtb-sram-nx-eagle-dub-pd20915/,grupy osprzętu
/upgrade-kit-sram-x01-eagle-axs-pd22659/,grupy osprzętu
/upgrade-kit-sram-xx1-eagle-axs-pd27840/,grupy osprzętu
/grupa-mtb-sram-xx-sl-eagle-axs-transmission-pd35061/,grupy osprzętu
/grupa-szosowa-sram-red-etap-axs-2x-d1-pd19948/,grupy osprzętu
/grupa-mtb-sram-xx-eagle-axs-transmission-pm-wide-pd35072/,grupy osprzętu
/grupa-mtb-sram-xx-sl-eagle-axs-transmission-pm-pd35065/,grupy osprzętu
/grupa-mtb-sram-gx-eagle-dub-boost-pd20914/,grupy osprzętu
/grupa-mtb-sram-gx-eagle-dub-pd20388/,grupy osprzętu
/grupa-szosowa-sram-force-etap-axs-1x-d1-hrd-pd31689/,grupy osprzętu
/grupa-szosowa-sram-force-etap-axs-2x-d1-hrd-pd20022/,grupy osprzętu
/grupa-szosowa-sram-red-etap-axs-2x-d1-hrd-pd25684/,grupy osprzętu
/grupa-szosowa-sram-red-etap-axs-1x-d1-hrd-pd31765/,grupy osprzętu
/grupa-szosowa-sram-red-etap-axs-2x-d1-hrd-pd25684/?v_Id=155448,grupy osprzętu
/upgrade-kit-sram-x01-eagle-axs-pd22659/?v_Id=160111,grupy osprzętu
/grupa-mtb-sram-gx-eagle-axs-transmission-t-type-pd36301/,grupy osprzętu
/grupa-mtb-sram-gx-eagle-axs-transmission-e-mtb-t-type-pd36385/,grupy osprzętu
/grupa-mtb-sram-gx-eagle-axs-transmission-t-type-brose-pd36374/,grupy osprzętu
/grupa-mtb-sram-gx-eagle-axs-transmission-t-type-bosch-pd36375/,grupy osprzętu
/grupa-mtb-sram-x0-eagle-axs-e-mtb-transmission-pd35080/,grupy osprzętu
/grupa-mtb-sram-x0-eagle-axs-e-mtb-bosch-transmission-pd35079/,grupy osprzętu
/grupa-mtb-sram-x0-eagle-axs-transmission-pd35074/,grupy osprzętu
/grupa-mtb-sram-xx-eagle-axs-transmission-e-mtb-pd35078/,grupy osprzętu
/grupa-mtb-sram-xx-eagle-axs-e-mtb-bosch-transmission-pd35075/,grupy osprzętu
/grupa-mtb-sram-xx-eagle-axs-transmission-wide-pd35067/,grupy osprzętu
/ramki-boczne-thule-pack-n-pedal-pd24576/,bagażniki rowerowe
/uchwyt-restrap-carry-cage-pd31804/,bagażniki rowerowe
/bagaznik-rowerowy-tylny-xlc-rp-r02-pd26384/,bagażniki rowerowe
/bagaznik-rowerowy-tylny-xlc-rp-r04-pd29009/,bagażniki rowerowe
/bagaznik-rowerowy-tylny-atranvelo-active-am-db-pd27858/,bagażniki rowerowe
/bagaznik-rowerowy-tylny-xlc-rp-r11-pd32167/,bagażniki rowerowe
/bagaznik-rowerowy-tylny-author-acr-65-carry-more-pd34567/,bagażniki rowerowe
/bagaznik-rowerowy-tylny-topeak-explorer-disc-mtx-2-0-pd34428/,bagażniki rowerowe
/bagaznik-rowerowy-tylny-xlc-carry-more-retro-rp-r16-pd26380/?v_Id=181136,bagażniki rowerowe
/bagaznik-rowerowy-tylny-blackburn-central-seatpost-pd37788/,bagażniki rowerowe
/bagaznik-rowerowy-tylny-blackburn-ex-1-pd37793/,bagażniki rowerowe
/bagaznik-rowerowy-tylny-topeak-tetrarack-m2l-pd25139/,bagażniki rowerowe
/bagaznik-rowerowy-tylny-tubus-logo-evo-pd13776/,bagażniki rowerowe
/pret-montazowy-tubus-pd13600/,bagażniki rowerowe
/naklejki-na-bagaznik-tubus-pd13621/,bagażniki rowerowe
/zestaw-montazowy-ortlieb-mounting-set-for-ql-3-1-pd36992/,bagażniki rowerowe
/przedluzenie-do-montazu-bagaznika-basil-fixer-carrier-extender-pd34370/,bagażniki rowerowe
/adapter-do-montazu-bagaznika-tubus-thru-axle-12x1-5mm-pd37510/,bagażniki rowerowe
/wklady-profilowane-park-tool-468b-pd806/,stojaki serwisowe na rower
/stojak-serwisowy-hiplok-flipstand-pd31576/,stojaki serwisowe na rower
/stojak-na-rower-topeak-lineup-pd5499/,stojaki serwisowe na rower
/stojak-serwisowy-pro-pd2247/,stojaki serwisowe na rower
/stojak-serwisowy-park-tool-pcs-10-3-pd31604/,stojaki serwisowe na rower
/stojak-serwisowy-elite-trs-pd9299/,stojaki serwisowe na rower
/napinacz-lancucha-xlc-cr-a11-pd26347/,rowerowe napinacze łańcucha
/dolna-klatka-do-napinaczy-dartmoor-trail-one-trail-two-pd9185/,rowerowe napinacze łańcucha
/napinacz-lancucha-xlc-cr-a12-pd26794/,rowerowe napinacze łańcucha
/napinacz-reverse-flip-guide-pd36149/,rowerowe napinacze łańcucha
/napinacz-lancucha-dartmoor-simple-iscg-05-pd7934/,rowerowe napinacze łańcucha
/napinacz-lancucha-xlc-cr-a10-pd26394/,rowerowe napinacze łańcucha
/napinacz-lancucha-dartmoor-keeper-pd5138/,rowerowe napinacze łańcucha
/napinacz-lancucha-shimano-alfine-ct-s510-pd1167/,rowerowe napinacze łańcucha
/napinacz-lancucha-shimano-alfine-ct-s500-pd1166/,rowerowe napinacze łańcucha
/potowka-kolarska-eyen-gain-pd33847/?v_Id=192701,bielizna rowerowa
/potowka-kolarska-assos-summer-ns-skin-layer-pd25978/,bielizna rowerowa
/bokserki-fox-tecbase-liner-pd25353/,bielizna rowerowa
/potowka-kolarska-assos-women-s-summer-ns-skin-layer-pd25976/,bielizna rowerowa
/skarpetki-kompresyjne-compressport-pro-racing-socks-v3-0-ultralight-bike-pd24194/,bielizna rowerowa
/potowka-kolarska-gripgrab-expert-seamless-lightweight-base-layer-pd25280/,bielizna rowerowa
/opaski-kompresyjne-na-lydki-compressport-r2v2-pd21686/,bielizna rowerowa
/opaski-kompresyjne-na-lydki-compressport-r2v2-pd21686/?v_Id=137933,bielizna rowerowa
/opaski-kompresyjne-na-lydki-compressport-r2-oxygen-pd24195/,bielizna rowerowa
/skarpetki-kompresyjne-compressport-no-show-pd30113/?v_Id=175446,bielizna rowerowa
/skarpetki-kompresyjne-compressport-no-show-pd30113/,bielizna rowerowa
/skarpetki-kompresyjne-compressport-pro-racing-socks-flash-pd30149/,bielizna rowerowa
/skarpetki-kompresyjne-compressport-aero-pd30150/,bielizna rowerowa
/skarpetki-kompresyjne-compressport-pro-racing-socks-v4-0-trail-pd30131/,bielizna rowerowa
/skarpetki-kompresyjne-compressport-pro-racing-socks-v4-0-bike-pd30132/,bielizna rowerowa
/bokserki-damskie-viking-breezer-pd35555/,bielizna rowerowa
/skarpetki-kompresyjne-compressport-pro-racing-socks-v4-0-run-high-pd30120/?v_Id=175451,bielizna rowerowa
/skarpetki-kompresyjne-compressport-pro-racing-socks-v4-0-run-high-pd30120/,bielizna rowerowa
/potowka-kolarska-viking-easy-dry-singlet-pd29189/?v_Id=171143,bielizna rowerowa
/potowka-kolarska-viking-easy-dry-singlet-pd29189/,bielizna rowerowa
/skarpetki-kompresyjne-compressport-pro-racing-socks-v4-0-ultralight-bike-pd30136/,bielizna rowerowa
/skarpetki-kompresyjne-compressport-pro-racing-socks-v4-0-bike-pd30132/?v_Id=175556,bielizna rowerowa
/skarpetki-kompresyjne-compressport-pro-racing-socks-v4-0-bike-pd30132/?v_Id=175558,bielizna rowerowa
/skarpetki-kompresyjne-compressport-pro-racing-socks-v4-0-bike-pd30132/?v_Id=175562,bielizna rowerowa
/skarpetki-kompresyjne-compressport-pro-racing-socks-v4-0-bike-pd30132/?v_Id=193123,bielizna rowerowa
/skarpetki-kompresyjne-compressport-pro-racing-socks-v4-0-run-low-pd30121/?v_Id=175490,bielizna rowerowa
/skarpetki-kompresyjne-compressport-pro-racing-socks-v4-0-run-low-pd30121/?v_Id=183945,bielizna rowerowa
/skarpetki-kompresyjne-compressport-pro-racing-socks-v4-0-trail-pd30131/?v_Id=175514,bielizna rowerowa
/potowka-kolarska-viking-easy-dry-t-shirt-pd29193/?v_Id=171150,bielizna rowerowa
/potowka-kolarska-viking-easy-dry-t-shirt-pd29193/,bielizna rowerowa
/skarpetki-kompresyjne-compressport-pro-racing-socks-v4-0-run-high-pd30120/?v_Id=175464,bielizna rowerowa
/skarpetki-kompresyjne-compressport-pro-racing-socks-v4-0-run-high-pd30120/?v_Id=175457,bielizna rowerowa
/skarpetki-kompresyjne-compressport-pro-racing-socks-v4-0-run-high-pd30120/?v_Id=193111,bielizna rowerowa
/skarpetki-kompresyjne-compressport-pro-racing-socks-v4-0-run-low-pd30121/?v_Id=175483,bielizna rowerowa
/skarpetki-kompresyjne-compressport-pro-racing-socks-v4-0-run-low-pd30121/?v_Id=203900,bielizna rowerowa
/skarpetki-kompresyjne-compressport-pro-racing-socks-v4-0-run-low-pd30121/?v_Id=183950,bielizna rowerowa
/skarpetki-kompresyjne-compressport-pro-racing-socks-v4-0-trail-pd30131/?v_Id=175519,bielizna rowerowa
/skarpetki-kompresyjne-compressport-pro-racing-socks-v4-0-trail-pd30131/?v_Id=175525,bielizna rowerowa
/skarpetki-kompresyjne-compressport-pro-racing-socks-v4-0-trail-pd30131/?v_Id=175521,bielizna rowerowa
/skarpetki-kompresyjne-compressport-pro-racing-socks-v4-0-trail-pd30131/?v_Id=193118,bielizna rowerowa
/skarpetki-kompresyjne-compressport-pro-racing-socks-v4-0-ultralight-bike-pd30136/?v_Id=175588,bielizna rowerowa
/skarpetki-kompresyjne-compressport-pro-racing-socks-v4-0-run-low-pd30121/,bielizna rowerowa
/skarpetki-kompresyjne-compressport-pro-racing-socks-v4-0-run-low-pd30121/?v_Id=175498,bielizna rowerowa
/skarpetki-kompresyjne-compressport-pro-racing-socks-v4-0-run-low-pd30121/?v_Id=203894,bielizna rowerowa
/skarpetki-kompresyjne-compressport-pro-racing-socks-v4-0-run-low-pd30121/?v_Id=203897,bielizna rowerowa
/skarpetki-kompresyjne-compressport-pro-racing-socks-v4-0-run-low-pd30121/?v_Id=193112,bielizna rowerowa
/skarpetki-kompresyjne-compressport-pro-racing-socks-v4-0-trail-pd30131/?v_Id=175535,bielizna rowerowa
/podkoszulek-bez-rekawow-rogelli-kite-pd37256/,bielizna rowerowa
/skarpetki-kompresyjne-compressport-pro-racing-socks-v4-0-run-high-pd30120/?v_Id=203885,bielizna rowerowa
/skarpetki-kompresyjne-compressport-pro-racing-socks-v4-0-run-high-pd30120/?v_Id=203888,bielizna rowerowa
/skarpetki-kompresyjne-compressport-pro-racing-socks-v4-0-trail-pd30131/?v_Id=203906,bielizna rowerowa
/podkoszulek-z-krotkim-rekawem-rogelli-kite-pd37255/,bielizna rowerowa
/skarpetki-kompresyjne-compressport-pro-racing-socks-v4-0-run-high-pd30120/?v_Id=203891,bielizna rowerowa
/skarpetki-kompresyjne-compressport-pro-racing-socks-v4-0-trail-pd30131/?v_Id=203902,bielizna rowerowa
/skarpetki-kompresyjne-compressport-ultra-trail-pd30151/?v_Id=203908,bielizna rowerowa
/potowka-kolarska-bioracer-base-layer-ns-pd35629/,bielizna rowerowa
/opaski-kompresyjne-na-lydki-compressport-r2-aero-pd33937/,bielizna rowerowa
/opaski-kompresyjne-compressport-full-legs-pd30112/,bielizna rowerowa
/skarpetki-kompresyjne-compressport-pro-racing-socks-v4-0-run-high-pd30120/?v_Id=183937,bielizna rowerowa
/potowka-kolarska-silvini-nure-pd29049/,bielizna rowerowa
/potowka-kolarska-odlo-breathe-pd24540/,bielizna rowerowa
/potowka-kolarska-odlo-bl-top-crew-neck-singlet-performance-x-light-pd28971/,bielizna rowerowa
/potowka-kolarska-odlo-bl-top-crew-neck-s-s-performance-x-light-pd29018/,bielizna rowerowa
/bokserki-damskie-brubeck-bx11410-pd31217/,bielizna rowerowa
/bokserki-brubeck-bx11420-pd31216/,bielizna rowerowa
/bokserki-odlo-breathe-pd24546/,bielizna rowerowa
/potowka-kolarska-assos-gto-ns-dermasensor-pd32099/,bielizna rowerowa
/opaski-kompresyjne-na-lydki-compressport-r2v2-pd21686/?v_Id=148161,bielizna rowerowa
/koszulka-z-krotkim-rekawem-rogelli-core-2-pack-pd37257/,bielizna rowerowa
/potowka-kolarska-castelli-pro-issue-pd26422/,bielizna rowerowa
/skarpetki-kompresyjne-compressport-full-socks-recovery-pd26806/,bielizna rowerowa
/potowka-kolarska-poc-essential-layer-ls-pd26835/,bielizna rowerowa
/bokserki-endura-bike-boxer-2-pack-pd24904/,bielizna rowerowa
/potowka-kolarska-fox-tecbase-ss-pd29909/?v_Id=197337,bielizna rowerowa
/potowka-kolarska-gripgrab-3-season-base-layer-pd25279/?v_Id=153519,bielizna rowerowa
/potowka-kolarska-gripgrab-3-season-base-layer-pd25279/,bielizna rowerowa
/potowka-kolarska-endura-windproof-front-sl-pd26720/,bielizna rowerowa
/potowka-kolarska-castelli-pro-issue-pd26420/,bielizna rowerowa
/skarpetki-kompresyjne-compressport-full-socks-recovery-pd26806/?v_Id=159989,bielizna rowerowa
/potowka-kolarska-oakley-endurance-pd33677/,bielizna rowerowa
/potowka-kolarska-gripgrab-expert-seamless-lightweight-base-layer-pd25280/?v_Id=153528,bielizna rowerowa
/potowka-kolarska-castelli-pro-issue-2-w-pd28138/,bielizna rowerowa
/potowka-kolarska-gripgrab-expert-seamless-lightweight-base-layer-pd25280/?v_Id=153525,bielizna rowerowa
/potowka-kolarska-castelli-core-mesh-3-pd26423/,bielizna rowerowa
/bokserki-damskie-odlo-breathe-wms-pd24545/,bielizna rowerowa
/koszulka-z-dlugim-rekawem-rogelli-core-2-pack-pd37266/,bielizna rowerowa
/bokserki-assos-boxer-pd26936/,bielizna rowerowa
/potowka-kolarska-castelli-core-mesh-3-pd26424/,bielizna rowerowa
/potowka-kolarska-castelli-pro-mesh-pd28717/,bielizna rowerowa
/bokserki-damskie-poc-w-s-re-cycle-boxer-pd32796/,bielizna rowerowa
/bokserki-poc-re-cycle-pd25324/,bielizna rowerowa
/potowka-kolarska-castelli-pro-mesh-2-0-pd35386/,bielizna rowerowa
/bokserki-damskie-sportful-cycling-w-undershort-pd32659/,bielizna rowerowa
/potowka-kolarska-assos-ns-skin-layer-superleger-pd28824/,bielizna rowerowa
/potowka-kolarska-castelli-pro-mesh-pd28718/,bielizna rowerowa
/spodenki-wewnetrzne-do-szortow-ixs-flow-xtg-pd27890/,bielizna rowerowa
/potowka-kolarska-gripgrab-ultralight-mesh-base-layer-pd25283/?v_Id=153548,bielizna rowerowa
/skarpetki-kompresyjne-compressport-aero-pd30150/?v_Id=175604,bielizna rowerowa
/bokserki-endura-engineered-kids-pd21781/,bielizna rowerowa
/potowka-kolarska-fox-tecbase-ss-pd29909/,bielizna rowerowa
/slipy-brubeck-hi10300-pd31219/,bielizna rowerowa
/bokserki-damskie-craft-fuseknit-bike-boxer-women-pd19795/,bielizna rowerowa
/bokserki-damskie-endura-mesh-clickfast-liner-ii-wms-pd26725/,bielizna rowerowa
/skarpetki-kompresyjne-endura-compression-2-pack-pd16508/,bielizna rowerowa
/potowka-kolarska-santini-rete-pd30981/,bielizna rowerowa
/bokserki-endura-mesh-clickfast-liner-ii-pd26723/,bielizna rowerowa
/bokserki-damskie-endura-padded-liner-ii-wms-pd26724/,bielizna rowerowa
/bokserki-endura-padded-liner-ii-pd26722/,bielizna rowerowa
/potowka-kolarska-biemme-marmolada-pd31109/,bielizna rowerowa
/bokserki-endura-engineered-clickfast-pd20448/,bielizna rowerowa
/bokserki-endura-engineered-ii-pd21780/,bielizna rowerowa
/potowka-kolarska-santini-rete-pd30979/,bielizna rowerowa
/bokserki-damskie-endura-engineered-clickfast-wms-pd20466/,bielizna rowerowa
/potowka-kolarska-endura-lightweight-sl-pd26721/,bielizna rowerowa
/potowka-kolarska-gripgrab-ultralight-mesh-base-layer-pd25281/,bielizna rowerowa
/potowka-kolarska-poc-w-s-essential-layer-vest-pd36444/,bielizna rowerowa
/potowka-kolarska-gripgrab-ultralight-mesh-base-layer-pd25281/?v_Id=153532,bielizna rowerowa
/potowka-kolarska-castelli-core-seamless-base-layer-pd28719/,bielizna rowerowa
/potowka-kolarska-bioracer-base-layer-ns-women-pd35630/,bielizna rowerowa
/bokserki-damskie-endura-engineered-wms-pd20465/,bielizna rowerowa
/potowka-kolarska-endura-fishnet-ii-pd19683/,bielizna rowerowa
/potowka-kolarska-endura-fishnet-ii-pd19683/?v_Id=129409,bielizna rowerowa
/bokserki-rogelli-navelli-pd6210/,bielizna rowerowa
/potowka-kolarska-fox-tecbase-sl-pd29908/,bielizna rowerowa
/potowka-kolarska-gripgrab-ultralight-mesh-base-layer-3-pack-pd25285/?v_Id=153566,bielizna rowerowa
/potowka-kolarska-assos-summer-ss-skin-layer-pd25995/,bielizna rowerowa
/potowka-kolarska-assos-women-s-summer-ss-skin-layer-pd28706/,bielizna rowerowa
/potowka-kolarska-assos-ss-skin-layer-superleger-pd27686/,bielizna rowerowa
/opaski-kompresyjne-na-lydki-compressport-r2v2-flash-pd24196/,bielizna rowerowa
/opaski-kompresyjne-na-lydki-compressport-r2v2-pd21686/?v_Id=175396,bielizna rowerowa
/opaski-kompresyjne-na-lydki-compressport-r2v2-pd21686/?v_Id=175403,bielizna rowerowa
/opaski-kompresyjne-na-lydki-compressport-r2v2-pd21686/?v_Id=183920,bielizna rowerowa
/opaski-kompresyjne-na-lydki-compressport-r2v2-pd21686/?v_Id=183922,bielizna rowerowa
/opaski-kompresyjne-na-lydki-compressport-r2v2-pd21686/?v_Id=148163,bielizna rowerowa
/opaski-kompresyjne-na-lydki-compressport-r2v2-pd21686/?v_Id=137941,bielizna rowerowa
/opaski-kompresyjne-na-lydki-compressport-r2-oxygen-pd24195/?v_Id=148154,bielizna rowerowa
/rekawki-compressport-armforce-ultralight-pd26809/?v_Id=191305,bielizna rowerowa
/rekawki-compressport-armforce-ultralight-pd26809/,bielizna rowerowa
/opaski-kompresyjne-na-lydki-compressport-r2v2-pd21686/?v_Id=148160,bielizna rowerowa
/opaski-kompresyjne-na-lydki-compressport-r2v2-pd21686/?v_Id=148166,bielizna rowerowa
/opaski-kompresyjne-na-lydki-compressport-r2-3-0-pd33936/?v_Id=193054,bielizna rowerowa
/opaski-kompresyjne-na-lydki-compressport-r2-3-0-pd33936/?v_Id=193070,bielizna rowerowa
/opaski-kompresyjne-na-lydki-compressport-r2-3-0-pd33936/?v_Id=193062,bielizna rowerowa
/opaski-kompresyjne-na-lydki-compressport-r2-3-0-pd33936/,bielizna rowerowa
/opaski-kompresyjne-na-lydki-compressport-r2-3-0-pd33936/?v_Id=193066,bielizna rowerowa
/opaski-kompresyjne-na-lydki-compressport-r2-3-0-pd33936/?v_Id=193058,bielizna rowerowa
/opaski-kompresyjne-na-lydki-compressport-r2-3-0-pd33936/?v_Id=193074,bielizna rowerowa
/opaski-kompresyjne-na-lydki-compressport-r2-3-0-pd33936/?v_Id=193080,bielizna rowerowa
/opaski-kompresyjne-na-uda-compressport-under-control-quad-pd26807/,bielizna rowerowa
/opaski-kompresyjne-na-lydki-compressport-r2-oxygen-pd24195/?v_Id=193089,bielizna rowerowa
/opaski-kompresyjne-na-lydki-compressport-r2-3-0-pd33936/?v_Id=203880,bielizna rowerowa
/opaski-kompresyjne-na-lydki-compressport-r2-3-0-pd33936/?v_Id=203882,bielizna rowerowa
/bluza-rowerowa-rogelli-course-pd32337/,bluzy rowerowe
/bluza-rowerowa-rogelli-course-pd32337/?v_Id=184328,bluzy rowerowe
/bluza-rowerowa-rogelli-essential-l-s-pd23207/,bluzy rowerowe
/bluza-rowerowa-oakley-elements-thermal-ii-pd33632/,bluzy rowerowe
/bluza-rowerowa-damska-eyen-arder-2-0-pd35171/?v_Id=197760,bluzy rowerowe
/bluza-rowerowa-damska-trofeo-bloom-pd34292/,bluzy rowerowe
/bluza-rowerowa-ale-cycling-groupama-fdj-ls-pd30870/,bluzy rowerowe
/bluza-rowerowa-rogelli-core-pd32351/?v_Id=184446,bluzy rowerowe
/bluza-rowerowa-schoffel-longsleeve-dirt-track-m-pd28398/,bluzy rowerowe
/bluza-rowerowa-damska-schoffel-longsleeve-dirt-track-l-pd28400/,bluzy rowerowe
/bluza-rowerowa-rogelli-core-pd32351/?v_Id=184423,bluzy rowerowe
/bluza-rowerowa-rogelli-core-pd32351/?v_Id=184440,bluzy rowerowe
/bluza-rowerowa-damska-rogelli-core-pd32365/,bluzy rowerowe
/bluza-rowerowa-damska-rogelli-core-pd32365/?v_Id=184517,bluzy rowerowe
/bluza-rowerowa-schoffel-longsleeve-dirt-track-m-pd28398/?v_Id=166801,bluzy rowerowe
/bluza-rowerowa-ale-cycling-thorn-pd27339/,bluzy rowerowe
/bluza-rowerowa-damska-rogelli-essential-pd32345/,bluzy rowerowe
/bluza-rowerowa-ale-cycling-thorn-pd27339/?v_Id=162490,bluzy rowerowe
/bluza-rowerowa-damska-ale-cycling-solid-blend-pd27368/?v_Id=162708,bluzy rowerowe
/bluza-rowerowa-damska-trofeo-botanical-soul-pd34294/,bluzy rowerowe
/bluza-rowerowa-damska-silvini-calvana-wms-pd24665/?v_Id=160325,bluzy rowerowe
/bluza-rowerowa-eyen-vern-ls-pd22934/,bluzy rowerowe
/bluza-rowerowa-quest-amethyst-pd34365/,bluzy rowerowe
/bluza-rowerowa-damska-quest-blossom-pd34371/,bluzy rowerowe
/bluza-rowerowa-damska-rogelli-essential-pd32345/?v_Id=184404,bluzy rowerowe
/bluza-rowerowa-ale-cycling-r-ev1-thermal-pd27462/,bluzy rowerowe
/bluza-rowerowa-quest-montana-pd21319/,bluzy rowerowe
/bluza-rowerowa-eyen-vern-2-0-pd34244/?v_Id=194082,bluzy rowerowe
/bluza-rowerowa-sisu-harmony-pd23664/,bluzy rowerowe
/bluza-rowerowa-damska-eyen-vern-ls-wm-pd22935/,bluzy rowerowe
/bluza-rowerowa-damska-ale-cycling-solid-break-pd27377/,bluzy rowerowe
/bluza-rowerowa-damska-ale-cycling-solid-wall-pd27375/?v_Id=162732,bluzy rowerowe
/bluza-rowerowa-northwave-force-2-pd19111/,bluzy rowerowe
/bluza-rowerowa-damska-ale-cycling-solid-wall-pd27375/,bluzy rowerowe
/bluza-rowerowa-trofeo-in-the-forest-pd29379/,bluzy rowerowe
/bluza-rowerowa-damska-viking-jukon-lady-pd29170/,bluzy rowerowe
/bluza-rowerowa-damska-silvini-calvana-wms-pd24665/,bluzy rowerowe
/bluza-rowerowa-damska-ale-cycling-solid-break-pd27377/?v_Id=162756,bluzy rowerowe
/bluza-rowerowa-damska-ale-cycling-solid-break-pd27377/?v_Id=164109,bluzy rowerowe
/bluza-rowerowa-rogelli-explore-pd27717/,bluzy rowerowe
/bluza-rowerowa-rogelli-explore-pd27717/?v_Id=164375,bluzy rowerowe
/bluza-rowerowa-silvini-leverone-pd29118/,bluzy rowerowe
/bluza-rowerowa-viking-yosemite-man-pd29179/?v_Id=171056,bluzy rowerowe
/bluza-rowerowa-rogelli-core-pd32351/,bluzy rowerowe
/bluza-rowerowa-northwave-blade-3-pd20614/,bluzy rowerowe
/bluza-rowerowa-rogelli-caluso-2-0-pd19035/?v_Id=126823,bluzy rowerowe
/bluza-rowerowa-viking-yosemite-man-pd29179/,bluzy rowerowe
/bluza-rowerowa-rogelli-explore-pd27717/?v_Id=164370,bluzy rowerowe
/bluza-rowerowa-rogelli-explore-pd27717/?v_Id=205683,bluzy rowerowe
/bluza-rowerowa-rogelli-core-pd32351/?v_Id=184434,bluzy rowerowe
/bluza-rowerowa-rogelli-caluso-2-0-pd19035/,bluzy rowerowe
/bluza-rowerowa-damska-viking-yosemite-lady-pd29173/,bluzy rowerowe
/bluza-rowerowa-rogelli-core-pd32351/?v_Id=184436,bluzy rowerowe
/bluza-rowerowa-damska-ale-cycling-solid-blend-pd27368/,bluzy rowerowe
/bluza-rowerowa-damska-sisu-spark-pd23668/,bluzy rowerowe
/bluza-rowerowa-quest-gorria-pd34366/,bluzy rowerowe
/bluza-rowerowa-damska-eyen-arder-2-0-pd35171/,bluzy rowerowe
/bluza-rowerowa-eyen-arder-2-0-pd35170/?v_Id=197750,bluzy rowerowe
/bluza-rowerowa-damska-eyen-vern-2-0-pd34245/?v_Id=194093,bluzy rowerowe
/bluza-rowerowa-damska-eyen-vern-2-0-pd34245/,bluzy rowerowe
/bluza-rowerowa-eyen-vern-2-0-pd34244/?v_Id=194077,bluzy rowerowe
/bluza-rowerowa-eyen-vern-2-0-pd34244/,bluzy rowerowe
/bluza-rowerowa-damska-assos-uma-gt-spring-fall-ls-pd23110/,bluzy rowerowe
/bluza-rowerowa-damska-craft-core-bike-subz-ls-wms-pd26500/,bluzy rowerowe
/bluza-rowerowa-damska-craft-core-bike-subz-ls-wms-pd26500/?v_Id=158417,bluzy rowerowe
/bluza-rowerowa-damska-endura-fs260-pro-jetstream-ii-wms-pd20475/,bluzy rowerowe
/bluza-rowerowa-endura-mt500-thermo-ii-pd26714/?v_Id=199783,bluzy rowerowe
/bluza-rowerowa-endura-mt500-thermo-ii-pd26714/?v_Id=159497,bluzy rowerowe
/bluza-viking-admont-lady-pd26834/,bluzy rowerowe
/bluza-silvini-latera-wms-pd26894/?v_Id=160625,bluzy rowerowe
/bluza-silvini-latera-wms-pd26894/,bluzy rowerowe
/bluza-damska-viking-dimaro-lady-pd32558/,bluzy rowerowe
/bluza-viking-tesero-pd35235/?v_Id=198486,bluzy rowerowe
/bluza-damska-viking-tesero-lady-pd35239/,bluzy rowerowe
/bluza-rowerowa-damska-silvini-sillaro-wms-pd26895/,bluzy rowerowe
/bluza-viking-tesero-pd35235/,bluzy rowerowe
/bluza-viking-admont-pd26832/,bluzy rowerowe
/bluza-damska-viking-tesero-lady-pd35239/?v_Id=198496,bluzy rowerowe
/bluza-viking-laxa-bamboo-lady-pd26837/,bluzy rowerowe
/bluza-damska-endura-singletrack-hoodie-pd17988/,bluzy rowerowe
/bluza-rowerowa-damska-odlo-zeroweight-ceramiwarm-midlayer-full-zip-pd27027/,bluzy rowerowe
/bluza-rowerowa-silvini-grado-pd26871/,bluzy rowerowe
/bluza-rowerowa-odlo-zeroweight-ceramiwarm-midlayer-full-zip-pd27029/,bluzy rowerowe
/bluza-rowerowa-odlo-zeroweight-ceramiwarm-midlayer-full-zip-pd27029/?v_Id=206002,bluzy rowerowe
/bluza-rowerowa-northwave-blade-4-pd32205/?v_Id=204465,bluzy rowerowe
/bluza-rowerowa-damska-northwave-fahrenheit-pd27523/,bluzy rowerowe
/bluza-rowerowa-damska-castelli-sinergia-2-pd32300/,bluzy rowerowe
/bluza-rowerowa-poc-radiant-pd26926/,bluzy rowerowe
/bluza-rowerowa-endura-mt500-thermo-ii-pd26714/,bluzy rowerowe
/bluza-rowerowa-endura-fs260-pro-jetstream-ii-pd20468/?v_Id=159414,bluzy rowerowe
/bluza-rowerowa-castelli-unlimited-thermal-pd32310/,bluzy rowerowe
/bluza-rowerowa-ale-cycling-wall-pd27338/?v_Id=162473,bluzy rowerowe
/bluza-rowerowa-endura-pro-sl-ii-pd20467/,bluzy rowerowe
/bluza-rowerowa-endura-hummvee-tech-fleece-pd35511/,bluzy rowerowe
/bluza-rowerowa-endura-hummvee-tech-fleece-pd35511/?v_Id=199967,bluzy rowerowe
/bluza-rowerowa-ale-cycling-blend-pd27337/,bluzy rowerowe
/bluza-rowerowa-ale-cycling-blend-pd27337/?v_Id=162463,bluzy rowerowe
/bluza-rowerowa-ale-cycling-wall-pd27338/,bluzy rowerowe
/bluza-rowerowa-damska-ale-cycling-solid-fondo-pd27365/?v_Id=164105,bluzy rowerowe
/bluza-rowerowa-shimano-beaufort-pd31852/,bluzy rowerowe
/bluza-rowerowa-ale-cycling-blend-pd27337/?v_Id=162455,bluzy rowerowe
/bluza-rowerowa-damska-ale-cycling-solid-fondo-pd27365/,bluzy rowerowe
/bluza-rowerowa-damska-ale-cycling-solid-fondo-pd27365/?v_Id=162670,bluzy rowerowe
/bluza-rowerowa-damska-poc-essential-road-ls-w-s-pd36440/,bluzy rowerowe
/bluza-rowerowa-rogelli-team-pd8816/,bluzy rowerowe
/bluza-rowerowa-damska-endura-gv500-wms-pd32482/,bluzy rowerowe
/bluza-rowerowa-ale-cycling-r-ev1-thermal-pd27462/?v_Id=163286,bluzy rowerowe
/bluza-rowerowa-shimano-evolve-wind-pd31851/,bluzy rowerowe
/bluza-rowerowa-ale-cycling-fondo-pd27336/?v_Id=164037,bluzy rowerowe
/bluza-rowerowa-shimano-vertex-printed-pd31519/?v_Id=184147,bluzy rowerowe
/bluza-rowerowa-ale-cycling-byte-pd36806/?v_Id=204362,bluzy rowerowe
/bluza-rowerowa-castelli-fondo-2-pd28106/?v_Id=165618,bluzy rowerowe
/bluza-rowerowa-agu-solid-ls-performance-pd37514/?v_Id=206708,bluzy rowerowe
/bluza-rowerowa-damska-agu-solid-ls-performance-pd37515/,bluzy rowerowe
/bluza-rowerowa-endura-gv500-pd35499/?v_Id=199807,bluzy rowerowe
/bluza-rowerowa-damska-ale-cycling-pr-r-las-vegas-pd27359/,bluzy rowerowe
/bluza-rowerowa-damska-poc-w-s-mantle-thermal-pd26948/,bluzy rowerowe
/bluza-rowerowa-assos-gt-ls-mid-layer-pd26910/,bluzy rowerowe
/bluza-rowerowa-ale-cycling-logo-dwr-pd23779/,bluzy rowerowe
/bluza-rowerowa-damska-ale-cycling-sombra-wool-thermo-pd27357/?v_Id=162612,bluzy rowerowe
/bluza-rowerowa-damska-ale-cycling-sombra-wool-thermo-pd27357/,bluzy rowerowe
/bluza-rowerowa-northwave-route-knit-pd36813/,bluzy rowerowe
/bluza-rowerowa-northwave-route-knit-pd36813/?v_Id=204400,bluzy rowerowe
/bluza-rowerowa-northwave-trip-knit-pd36812/,bluzy rowerowe
/bluza-rowerowa-northwave-trip-knit-pd36812/?v_Id=204394,bluzy rowerowe
/bluza-rowerowa-damska-ale-cycling-pr-r-amazzonia-pd27361/,bluzy rowerowe
/bluza-rowerowa-damska-ale-cycling-pr-r-amazzonia-pd27361/?v_Id=162639,bluzy rowerowe
/bluza-rowerowa-ale-cycling-pr-r-sombra-wool-thermo-pd27452/?v_Id=163192,bluzy rowerowe
/bluza-rowerowa-ale-cycling-pr-r-sombra-wool-thermo-pd27452/?v_Id=163188,bluzy rowerowe
/bluza-rowerowa-ale-cycling-circus-pd36804/,bluzy rowerowe
/bluza-rowerowa-assos-mille-gt-spring-fall-pd22553/?v_Id=182993,bluzy rowerowe
/bluza-rowerowa-damska-assos-uma-gt-spring-fall-ls-pd23110/?v_Id=144661,bluzy rowerowe
/bluza-rowerowa-gripgrab-gravelin-merinotech-thermal-pd36753/?v_Id=204149,bluzy rowerowe
/bluza-rowerowa-gripgrab-gravelin-merinotech-thermal-pd36753/?v_Id=204145,bluzy rowerowe
/bluza-rowerowa-gripgrab-gravelin-merinotech-thermal-pd36753/,bluzy rowerowe
/bluza-rowerowa-gripgrab-gravelin-merinotech-thermal-pd36753/?v_Id=204152,bluzy rowerowe
/bluza-rowerowa-assos-mille-gt-spring-fall-pd22553/,bluzy rowerowe
/bluza-rowerowa-poc-m-s-thermal-lite-ls-pd32798/,bluzy rowerowe
/bluza-rowerowa-poc-ambient-thermal-pd36849/,bluzy rowerowe
/bluza-rowerowa-poc-ambient-thermal-pd36849/?v_Id=204585,bluzy rowerowe
/bluza-rowerowa-endura-hummvee-hoodie-ii-pd29744/,bluzy rowerowe
/bluza-rowerowa-damska-shimano-kaede-pd27591/,bluzy rowerowe
/bluza-rowerowa-damska-shimano-kaede-pd27591/?v_Id=164700,bluzy rowerowe
/bluza-poc-poise-crew-neck-pd36430/,bluzy rowerowe
/bluza-rowerowa-protest-prtgerrie-pd33368/,bluzy rowerowe
/bluza-rowerowa-protest-prtgerrie-pd33368/?v_Id=189450,bluzy rowerowe
/bluza-rowerowa-silvini-varano-pd24470/?v_Id=149480,bluzy rowerowe
/bluza-rowerowa-endura-xtract-roubaix-pd17248/?v_Id=143865,bluzy rowerowe
/bluza-rowerowa-endura-xtract-roubaix-pd17248/?v_Id=120432,bluzy rowerowe
/bluza-rowerowa-northwave-fahrenheit-pd27522/,bluzy rowerowe
/bluza-rowerowa-northwave-fahrenheit-pd27522/?v_Id=198753,bluzy rowerowe
/bluza-rowerowa-northwave-fahrenheit-pd27522/?v_Id=183768,bluzy rowerowe
/bluza-rowerowa-shimano-vertex-pd27848/,bluzy rowerowe
/bluza-rowerowa-silvini-varano-pd24470/?v_Id=184120,bluzy rowerowe
/bluza-rowerowa-endura-xtract-roubaix-pd17248/,bluzy rowerowe
/bluza-rowerowa-endura-xtract-roubaix-pd17248/?v_Id=159405,bluzy rowerowe
/bluza-rowerowa-ale-cycling-pr-s-storm-pd27451/,bluzy rowerowe
/bluza-rowerowa-damska-bioracer-icon-op-art-pd35368/,bluzy rowerowe
/bluza-rowerowa-damska-shimano-kaede-pd27591/?v_Id=185168,bluzy rowerowe
/bluza-rowerowa-shimano-vertex-printed-pd31519/,bluzy rowerowe
/bluza-rowerowa-damska-endura-xtract-roubaix-wms-pd18624/?v_Id=159427,bluzy rowerowe
/bluza-rowerowa-damska-endura-xtract-roubaix-wms-pd18624/?v_Id=185181,bluzy rowerowe
/bluza-rowerowa-northwave-force-2-pd19111/?v_Id=204469,bluzy rowerowe
/bluza-rowerowa-northwave-force-2-pd19111/?v_Id=204476,bluzy rowerowe
/bluza-rowerowa-damska-endura-xtract-roubaix-wms-pd18624/?v_Id=199853,bluzy rowerowe
/bluza-rowerowa-ale-cycling-groupama-fdj-ls-pd30870/?v_Id=199470,bluzy rowerowe
/bluza-rowerowa-endura-hummvee-hoodie-ii-pd29744/?v_Id=173477,bluzy rowerowe
/bluza-rowerowa-endura-hummvee-hoodie-ii-pd29744/?v_Id=173471,bluzy rowerowe
/bluza-rowerowa-damska-ale-cycling-chios-lady-pd32138/,bluzy rowerowe
/bluza-rowerowa-damska-endura-xtract-roubaix-wms-pd18624/,bluzy rowerowe
/bluza-rowerowa-rogelli-essential-l-s-pd23207/?v_Id=144948,bluzy rowerowe
/bluza-rowerowa-rogelli-essential-l-s-pd23207/?v_Id=184344,bluzy rowerowe
/bluza-rowerowa-viking-jukon-man-pd29171/,bluzy rowerowe
/bluza-rowerowa-rogelli-essential-l-s-pd23207/?v_Id=205781,bluzy rowerowe
/bluza-rowerowa-rogelli-essential-l-s-pd23207/?v_Id=184350,bluzy rowerowe
/bluza-rowerowa-viking-jukon-man-pd29171/?v_Id=171026,bluzy rowerowe
/bluza-rowerowa-silvini-varano-pd24470/,bluzy rowerowe
/bluza-rowerowa-rogelli-essential-l-s-pd23207/?v_Id=162912,bluzy rowerowe
/bluza-rowerowa-rogelli-core-pd32351/?v_Id=205810,bluzy rowerowe
/bluza-rowerowa-northwave-force-2-pd19111/?v_Id=127130,bluzy rowerowe
/bluza-rowerowa-northwave-force-2-pd19111/?v_Id=144207,bluzy rowerowe
/bluza-rowerowa-damska-santini-coral-bengal-pd27927/?v_Id=165115,bluzy rowerowe
/bluza-rowerowa-damska-quest-montana-pd21320/,bluzy rowerowe
/bluza-rowerowa-oakley-element-ls-pd33634/?v_Id=191465,bluzy rowerowe
/bluza-rowerowa-damska-santini-coral-bengal-pd27927/,bluzy rowerowe
/bluza-rowerowa-damska-endura-fs260-pro-jetstream-ii-wms-pd20475/?v_Id=132161,bluzy rowerowe
/bluza-rowerowa-oakley-element-ls-pd33634/,bluzy rowerowe
/bluza-rowerowa-ale-cycling-r-ev1-thermal-pd27462/?v_Id=163293,bluzy rowerowe
/bluza-rowerowa-rogelli-mono-pd37293/,bluzy rowerowe
/bluza-rowerowa-rogelli-mono-pd37293/?v_Id=205791,bluzy rowerowe
/bluza-rowerowa-ale-cycling-fondo-2-0-pd32128/,bluzy rowerowe
/bluza-rowerowa-ale-cycling-fondo-2-0-pd32128/?v_Id=183369,bluzy rowerowe
/bluza-rowerowa-ale-cycling-fondo-2-0-pd32128/?v_Id=183374,bluzy rowerowe
/bluza-rowerowa-damska-schoffel-longsleeve-piambello-l-pd28402/,bluzy rowerowe
/bluza-rowerowa-northwave-blade-4-pd32205/,bluzy rowerowe
/bluza-rowerowa-rogelli-distance-dwr-pd32368/,bluzy rowerowe
/bluza-rowerowa-fox-ranger-fire-pd33225/,bluzy rowerowe
/bluza-rowerowa-ale-cycling-byte-pd36806/,bluzy rowerowe
/bluza-rowerowa-ale-cycling-fondo-pd27336/,bluzy rowerowe
/bluza-rowerowa-poc-m-s-mantle-thermal-pd26907/,bluzy rowerowe
/bluza-rowerowa-ale-cycling-bahrain-victorious-ls-pd30875/?v_Id=199479,bluzy rowerowe
/bluza-rowerowa-damska-castelli-sinergia-2-pd32300/?v_Id=206164,bluzy rowerowe
/bluza-rowerowa-endura-fs260-pro-jetstream-ii-pd20468/?v_Id=132103,bluzy rowerowe
/bluza-rowerowa-maloja-chivaym-1-1-pd34852/,bluzy rowerowe
/bluza-rowerowa-maloja-chivaym-1-1-pd34852/?v_Id=196059,bluzy rowerowe
/bluza-rowerowa-endura-pro-sl-ii-pd20467/?v_Id=199778,bluzy rowerowe
/bluza-rowerowa-damska-endura-wms-fs260-jetstream-pd35500/,bluzy rowerowe
/bluza-rowerowa-damska-endura-wms-fs260-jetstream-pd35500/?v_Id=199815,bluzy rowerowe
/bluza-rowerowa-maloja-pushbikersm-1-1-pd34947/,bluzy rowerowe
/bluza-rowerowa-endura-pro-sl-ii-pd20467/?v_Id=199780,bluzy rowerowe
/bluza-rowerowa-endura-fs260-pro-jetstream-ii-pd20468/?v_Id=132097,bluzy rowerowe
/bluza-rowerowa-sportful-cliff-supergiara-thermal-jersey-pd32642/?v_Id=185789,bluzy rowerowe
/bluza-rowerowa-damska-sportful-cliff-supergiara-w-thermal-jersey-pd32644/,bluzy rowerowe
/bluza-rowerowa-damska-sportful-bodyfit-pro-w-thermal-pd32634/?v_Id=185758,bluzy rowerowe
/bluza-rowerowa-northwave-extreme-polar-pd36809/,bluzy rowerowe
/bluza-rowerowa-fox-ranger-fire-pd33225/?v_Id=188502,bluzy rowerowe
/bluza-rowerowa-sportful-cliff-supergiara-thermal-jersey-pd32642/,bluzy rowerowe
/bluza-rowerowa-damska-maloja-amiatam-1-1-pd34822/,bluzy rowerowe
/bluza-rowerowa-sportful-bodyfit-pro-pd32625/,bluzy rowerowe
/bluza-rowerowa-damska-sportful-cliff-supergiara-w-thermal-jersey-pd32644/?v_Id=185800,bluzy rowerowe
/bluza-rowerowa-damska-sportful-bodyfit-pro-w-thermal-pd32634/,bluzy rowerowe
/bluza-rowerowa-castelli-puro-3-pd28109/,bluzy rowerowe
/bluza-rowerowa-castelli-puro-3-pd28109/?v_Id=165651,bluzy rowerowe
/bluza-rowerowa-sportful-bodyfit-pro-pd32625/?v_Id=186032,bluzy rowerowe
/bluza-rowerowa-damska-ale-cycling-chaos-lady-pd32139/,bluzy rowerowe
/bluza-rowerowa-silvini-leverono-pd33378/,bluzy rowerowe
/bluza-rowerowa-agu-thermo-ls-essential-pd37507/,bluzy rowerowe
/bluza-rowerowa-damska-agu-thermo-ls-essential-pd37509/,bluzy rowerowe
/bluza-rowerowa-agu-thermo-ls-essential-pd37507/?v_Id=206678,bluzy rowerowe
/bluza-rowerowa-damska-agu-thermo-ls-essential-pd37509/?v_Id=206685,bluzy rowerowe
/bluza-rowerowa-castelli-fondo-2-pd28106/,bluzy rowerowe
/bluza-rowerowa-damska-shimano-kaede-wind-pd27592/,bluzy rowerowe
/bluza-rowerowa-castelli-fondo-2-pd28106/?v_Id=165626,bluzy rowerowe
/bluza-rowerowa-northwave-blade-ls-pd30424/?v_Id=190113,bluzy rowerowe
/bluza-rowerowa-jack-wolfskin-morobbia-fz-l-s-pd36651/,bluzy rowerowe
/bluza-rowerowa-damska-jack-wolfskin-morobbia-fz-l-s-w-pd36652/,bluzy rowerowe
/bluza-rowerowa-shimano-element-pd32307/,bluzy rowerowe
/bluza-rowerowa-shimano-element-pd32307/?v_Id=184156,bluzy rowerowe
/bluza-rowerowa-endura-fs260-pro-jetstream-ii-pd20468/,bluzy rowerowe
/bluza-rowerowa-damska-maloja-rigim-1-1-pd34813/?v_Id=195880,bluzy rowerowe
/bluza-rowerowa-damska-maloja-rigim-1-1-pd34813/?v_Id=195883,bluzy rowerowe
/bluza-rowerowa-damska-sportful-kelly-w-thermal-pd32635/,bluzy rowerowe
/bluza-rowerowa-damska-sportful-kelly-w-thermal-pd32635/?v_Id=186049,bluzy rowerowe
/bluza-rowerowa-shimano-vertex-pd27848/?v_Id=170852,bluzy rowerowe
/bluza-rowerowa-damska-maloja-rigim-1-1-pd34813/,bluzy rowerowe
/bluza-rowerowa-endura-fs260-pro-roubaix-pd32481/?v_Id=185046,bluzy rowerowe
/bluza-rowerowa-endura-fs260-pro-roubaix-pd32481/,bluzy rowerowe
/bluza-rowerowa-damska-shimano-kaede-wind-pd27592/?v_Id=163761,bluzy rowerowe
/bluza-rowerowa-shimano-vertex-printed-pd31519/?v_Id=181475,bluzy rowerowe
/bluza-rowerowa-sportful-checkmate-thermal-pd32626/?v_Id=185738,bluzy rowerowe
/bluza-rowerowa-santini-adapt-pd27873/,bluzy rowerowe
/bluza-rowerowa-sportful-checkmate-thermal-pd32626/,bluzy rowerowe
/bluza-rowerowa-ale-cycling-r-ev1-thermal-pd27462/?v_Id=204334,bluzy rowerowe
/bluza-rowerowa-biemme-belvedere-pd36522/,bluzy rowerowe
/bluza-rowerowa-biemme-belvedere-pd36522/?v_Id=203293,bluzy rowerowe
/bluza-rowerowa-biemme-belvedere-pd36522/?v_Id=203297,bluzy rowerowe
/bluza-rowerowa-ale-cycling-bike-exchange-ls-pd30874/,bluzy rowerowe
/bluza-rowerowa-biemme-slope-pd37688/,bluzy rowerowe
/bluza-rowerowa-biemme-slope-pd37688/?v_Id=207356,bluzy rowerowe
/bluza-rowerowa-damska-ale-cycling-stars-pd27358/?v_Id=162621,bluzy rowerowe
/bluza-rowerowa-damska-ale-cycling-stars-pd27358/,bluzy rowerowe
/bluza-rowerowa-damska-ale-cycling-stars-pd27358/?v_Id=162617,bluzy rowerowe
/bluza-rowerowa-castelli-pro-thermal-mid-ls-pd28108/?v_Id=206095,bluzy rowerowe
/bluza-rowerowa-damska-ale-cycling-bullet-pd27356/?v_Id=162604,bluzy rowerowe
/bluza-rowerowa-ale-cycling-pr-s-storm-pd27451/?v_Id=163177,bluzy rowerowe
/bluza-rowerowa-castelli-pro-thermal-mid-ls-pd28108/?v_Id=206099,bluzy rowerowe
/bluza-rowerowa-damska-ale-cycling-bullet-pd27356/,bluzy rowerowe
/bluza-rowerowa-damska-ale-cycling-bullet-pd27356/?v_Id=162596,bluzy rowerowe
/bluza-rowerowa-ale-cycling-over-pd36805/,bluzy rowerowe
/bluza-rowerowa-ale-cycling-over-pd36805/?v_Id=204351,bluzy rowerowe
/bluza-rowerowa-damska-ale-cycling-pr-r-city-pd27360/,bluzy rowerowe
/bluza-rowerowa-shimano-evolve-wind-pd31851/?v_Id=182521,bluzy rowerowe
/bluza-rowerowa-damska-ale-cycling-pr-r-fiori-pd27362/,bluzy rowerowe
/bluza-rowerowa-damska-ale-cycling-pr-r-fiori-pd27362/?v_Id=162649,bluzy rowerowe
/bluza-rowerowa-endura-gv500-pd35499/,bluzy rowerowe
/bluza-rowerowa-biemme-climb-pd37686/,bluzy rowerowe
/bluza-rowerowa-damska-ale-cycling-warm-race-pd27354/,bluzy rowerowe
/bluza-rowerowa-damska-ale-cycling-warm-race-pd27354/?v_Id=162581,bluzy rowerowe
/bluza-rowerowa-damska-ale-cycling-warm-race-pd27354/?v_Id=164092,bluzy rowerowe
/bluza-rowerowa-agu-solid-ls-performance-pd37514/,bluzy rowerowe
