category,product_site_path,sub_category
warsztat-rowerowy,/uchwyt-do-sewisowania-rowerow-bike-hand-yc-116-pd18801/,stojaki-serwisowe-na-rower
warsztat-rowerowy,/stojak-serwisowy-bike-hand-yc-117n-pd10929/,stojaki-serwisowe-na-rower
warsztat-rowerowy,/uchwyt-park-tool-pth-1-pd6955/,stojaki-serwisowe-na-rower
warsztat-rowerowy,/stojak-serwisowy-bike-hand-yc-103-pd18803/,stojaki-serwisowe-na-rower
warsztat-rowerowy,/adapter-osi-do-stojaka-serwisowego-feedback-sprint-pd36682/?v_Id=203793,stojaki-serwisowe-na-rower
warsztat-rowerowy,/stojak-na-rower-woom-dock-pd32237/,stojaki-serwisowe-na-rower
warsztat-rowerowy,/adapter-osi-do-stojaka-serwisowego-feedback-sprint-pd36682/?v_Id=203794,stojaki-serwisowe-na-rower
warsztat-rowerowy,/adapter-osi-do-stojaka-serwisowego-feedback-sprint-pd36682/,stojaki-serwisowe-na-rower
warsztat-rowerowy,/stojak-topeak-flash-stand-fat-pd4112/,stojaki-serwisowe-na-rower
warsztat-rowerowy,/adaptery-feedback-sprint-pd36684/,stojaki-serwisowe-na-rower
warsztat-rowerowy,/podstawka-park-tool-106-pd761/,stojaki-serwisowe-na-rower
warsztat-rowerowy,/stojak-na-rower-gist-stabilus-pd26072/,stojaki-serwisowe-na-rower
warsztat-rowerowy,/stojak-na-rower-topeak-lineup-pd5499/,stojaki-serwisowe-na-rower
warsztat-rowerowy,/stojak-serwisowy-pro-pd33777/,stojaki-serwisowe-na-rower
warsztat-rowerowy,/uchwyt-montazowy-park-tool-pcs-12-2-pd34285/,stojaki-serwisowe-na-rower
warsztat-rowerowy,/stojak-na-rower-topeak-dual-touch-pd19004/,stojaki-serwisowe-na-rower
warsztat-rowerowy,/stojak-serwisowy-bike-hand-yc-100st-pd33507/,stojaki-serwisowe-na-rower
warsztat-rowerowy,/stojak-serwisowy-feedback-sport-mechanic-pd14507/,stojaki-serwisowe-na-rower
warsztat-rowerowy,/stojak-na-rower-topeak-twoup-tuneup-pd34724/,stojaki-serwisowe-na-rower
warsztat-rowerowy,/stojak-serwisowy-feedback-recreational-pd14465/,stojaki-serwisowe-na-rower
warsztat-rowerowy,/stojak-serwisowy-park-tool-pcs-9-3-pd31573/,stojaki-serwisowe-na-rower
warsztat-rowerowy,/stojak-serwisowy-topeak-prepstand-elite-pd16281/,stojaki-serwisowe-na-rower
warsztat-rowerowy,/stojak-serwisowy-feedback-sprint-pd36615/,stojaki-serwisowe-na-rower
warsztat-rowerowy,/stojak-serwisowy-feedback-ultralight-pd14565/,stojaki-serwisowe-na-rower
warsztat-rowerowy,/stojak-serwisowy-park-tool-pcs-4-1-pd6616/,stojaki-serwisowe-na-rower
warsztat-rowerowy,/stojak-serwisowy-feedback-pro-mechanic-pd36614/,stojaki-serwisowe-na-rower
warsztat-rowerowy,/stojak-serwisowy-park-tool-pcs-4-2-pd6617/,stojaki-serwisowe-na-rower
warsztat-rowerowy,/stojak-serwisowy-park-tool-prs-25-pd6952/,stojaki-serwisowe-na-rower
warsztat-rowerowy,/podstawka-na-narzedzia-park-tool-104-pd34287/,stojaki-serwisowe-na-rower
warsztat-rowerowy,/wklady-profilowane-park-tool-468b-pd806/,stojaki-serwisowe-na-rower
warsztat-rowerowy,/stojak-serwisowy-hiplok-flipstand-pd31576/,stojaki-serwisowe-na-rower
warsztat-rowerowy,/stojak-serwisowy-pro-pd2247/,stojaki-serwisowe-na-rower
warsztat-rowerowy,/stojak-serwisowy-park-tool-pcs-10-3-pd31604/,stojaki-serwisowe-na-rower
warsztat-rowerowy,/stojak-serwisowy-elite-trs-pd9299/,stojaki-serwisowe-na-rower
